condition,layer,category,mean_mahalanobis,mean_l2,pair_count
raw,0,exact_translation_diff_language,15.53580093383789,0.4211893081665039,2400
raw,0,same_factor_diff_language,15.70128059387207,0.4260609447956085,25920
raw,0,same_factor_same_language,12.878671646118164,0.26923859119415283,5904
raw,0,same_domain_diff_language,15.774422645568848,0.42752355337142944,77760
raw,0,same_domain_same_language,14.804984092712402,0.2969529926776886,19584
raw,0,different_topic_diff_language,15.796585083007812,0.4290987253189087,518400
raw,0,different_topic_same_language,15.711562156677246,0.32029175758361816,130560
language_residualized,0,exact_translation_diff_language,15.444893836975098,0.30682411789894104,2400
language_residualized,0,same_factor_diff_language,15.614904403686523,0.31091928482055664,25920
language_residualized,0,same_factor_same_language,13.12768840789795,0.26923859119415283,5904
language_residualized,0,same_domain_diff_language,15.695125579833984,0.31279489398002625,77760
language_residualized,0,same_domain_same_language,15.065763473510742,0.2969529926776886,19584
language_residualized,0,different_topic_diff_language,15.71778392791748,0.314863920211792,518400
language_residualized,0,different_topic_same_language,15.95566463470459,0.32029175758361816,130560
top1_deflation,0,exact_translation_diff_language,15.515789031982422,0.3622127175331116,2400
top1_deflation,0,same_factor_diff_language,15.680174827575684,0.3652976453304291,25920
top1_deflation,0,same_factor_same_language,12.938488006591797,0.2681146562099457,5904
top1_deflation,0,same_domain_diff_language,15.755151748657227,0.3669106662273407,77760
top1_deflation,0,same_domain_same_language,14.87096118927002,0.29589250683784485,19584
top1_deflation,0,different_topic_diff_language,15.777121543884277,0.36864712834358215,518400
top1_deflation,0,different_topic_same_language,15.772581100463867,0.3191281259059906,130560
raw,1,exact_translation_diff_language,15.602164268493652,12.456217765808105,2400
raw,1,same_factor_diff_language,15.767724990844727,12.610124588012695,25920
raw,1,same_factor_same_language,13.190256118774414,7.822961807250977,5904
raw,1,same_domain_diff_language,15.860027313232422,12.664655685424805,77760
raw,1,same_domain_same_language,14.817499160766602,8.47409439086914,19584
raw,1,different_topic_diff_language,15.878318786621094,12.729887962341309,518400
raw,1,different_topic_same_language,15.746137619018555,9.198821067810059,130560
language_residualized,1,exact_translation_diff_language,15.523900032043457,8.732806205749512,2400
language_residualized,1,same_factor_diff_language,15.695220947265625,8.915395736694336,25920
language_residualized,1,same_factor_same_language,13.443399429321289,7.822960376739502,5904
language_residualized,1,same_domain_diff_language,15.788025856018066,8.988161087036133,77760
language_residualized,1,same_domain_same_language,15.076208114624023,8.47409439086914,19584
language_residualized,1,different_topic_diff_language,15.805956840515137,9.075302124023438,518400
language_residualized,1,different_topic_same_language,15.996524810791016,9.198821067810059,130560
top1_deflation,1,exact_translation_diff_language,15.585428237915039,10.712894439697266,2400
top1_deflation,1,same_factor_diff_language,15.752230644226074,10.8465576171875,25920
top1_deflation,1,same_factor_same_language,13.254922866821289,7.801554203033447,5904
top1_deflation,1,same_domain_diff_language,15.842933654785156,10.907320022583008,77760
top1_deflation,1,same_domain_same_language,14.879968643188477,8.452912330627441,19584
top1_deflation,1,different_topic_diff_language,15.860662460327148,10.978896141052246,518400
top1_deflation,1,different_topic_same_language,15.808667182922363,9.175559997558594,130560
raw,2,exact_translation_diff_language,15.59326457977295,15.511941909790039,2400
raw,2,same_factor_diff_language,15.772302627563477,16.048383712768555,25920
raw,2,same_factor_same_language,13.223937034606934,10.412826538085938,5904
raw,2,same_domain_diff_language,15.872632026672363,16.146133422851562,77760
raw,2,same_domain_same_language,14.814484596252441,11.093348503112793,19584
raw,2,different_topic_diff_language,15.89059829711914,16.358905792236328,518400
raw,2,different_topic_same_language,15.756826400756836,12.081713676452637,130560
language_residualized,2,exact_translation_diff_language,15.508199691772461,10.77735710144043,2400
language_residualized,2,same_factor_diff_language,15.695402145385742,11.55355167388916,25920
language_residualized,2,same_factor_same_language,13.481910705566406,10.412827491760254,5904
language_residualized,2,same_domain_diff_language,15.801386833190918,11.68384838104248,77760
language_residualized,2,same_domain_same_language,15.081037521362305,11.093347549438477,19584
language_residualized,2,different_topic_diff_language,15.817709922790527,11.959933280944824,518400
language_residualized,2,different_topic_same_language,16.005125045776367,12.081713676452637,130560
top1_deflation,2,exact_translation_diff_language,15.589336395263672,13.564902305603027,2400
top1_deflation,2,same_factor_diff_language,15.76140022277832,13.910536766052246,25920
top1_deflation,2,same_factor_same_language,13.26953411102295,9.903468132019043,5904
top1_deflation,2,same_domain_diff_language,15.862127304077148,14.002405166625977,77760
top1_deflation,2,same_domain_same_language,14.868247032165527,10.617853164672852,19584
top1_deflation,2,different_topic_diff_language,15.876102447509766,14.15372371673584,518400
top1_deflation,2,different_topic_same_language,15.801589012145996,11.532510757446289,130560
raw,3,exact_translation_diff_language,15.524144172668457,34.904335021972656,2400
raw,3,same_factor_diff_language,15.758152961730957,41.839237213134766,25920
raw,3,same_factor_same_language,13.203548431396484,30.112031936645508,5904
raw,3,same_domain_diff_language,15.881454467773438,42.257015228271484,77760
raw,3,same_domain_same_language,14.809991836547852,29.748592376708984,19584
raw,3,different_topic_diff_language,15.895674705505371,44.414730072021484,518400
raw,3,different_topic_same_language,15.783001899719238,33.30226135253906,130560
language_residualized,3,exact_translation_diff_language,15.448740005493164,17.667875289916992,2400
language_residualized,3,same_factor_diff_language,15.684014320373535,29.742752075195312,25920
language_residualized,3,same_factor_same_language,13.44458293914795,30.11202621459961,5904
language_residualized,3,same_domain_diff_language,15.807828903198242,30.42257308959961,77760
language_residualized,3,same_domain_same_language,15.073674201965332,29.74858856201172,19584
language_residualized,3,different_topic_diff_language,15.822385787963867,33.20105743408203,518400
language_residualized,3,different_topic_same_language,16.031688690185547,33.30226135253906,130560
top1_deflation,3,exact_translation_diff_language,15.553031921386719,14.83708667755127,2400
top1_deflation,3,same_factor_diff_language,15.762797355651855,15.115735054016113,25920
top1_deflation,3,same_factor_same_language,13.224238395690918,10.242840766906738,5904
top1_deflation,3,same_domain_diff_language,15.882634162902832,15.206587791442871,77760
top1_deflation,3,same_domain_same_language,14.84170913696289,11.008561134338379,19584
top1_deflation,3,different_topic_diff_language,15.888199806213379,15.32252311706543,518400
top1_deflation,3,different_topic_same_language,15.803213119506836,11.914239883422852,130560
raw,4,exact_translation_diff_language,15.40454387664795,39.29471969604492,2400
raw,4,same_factor_diff_language,15.728204727172852,46.85572052001953,25920
raw,4,same_factor_same_language,13.19604778289795,33.28654479980469,5904
raw,4,same_domain_diff_language,15.882240295410156,47.324195861816406,77760
raw,4,same_domain_same_language,14.818703651428223,32.886226654052734,19584
raw,4,different_topic_diff_language,15.89867115020752,49.69340515136719,518400
raw,4,different_topic_same_language,15.799501419067383,36.814308166503906,130560
language_residualized,4,exact_translation_diff_language,15.314949989318848,19.374950408935547,2400
language_residualized,4,same_factor_diff_language,15.656352043151855,32.830814361572266,25920
language_residualized,4,same_factor_same_language,13.445053100585938,33.28654479980469,5904
language_residualized,4,same_domain_diff_language,15.810178756713867,33.60865020751953,77760
language_residualized,4,same_domain_same_language,15.08388900756836,32.886226654052734,19584
language_residualized,4,different_topic_diff_language,15.82673168182373,36.69939422607422,518400
language_residualized,4,different_topic_same_language,16.049671173095703,36.814308166503906,130560
top1_deflation,4,exact_translation_diff_language,15.435551643371582,15.87022590637207,2400
top1_deflation,4,same_factor_diff_language,15.733001708984375,16.2795467376709,25920
top1_deflation,4,same_factor_same_language,13.215386390686035,11.317713737487793,5904
top1_deflation,4,same_domain_diff_language,15.883418083190918,16.40801239013672,77760
top1_deflation,4,same_domain_same_language,14.853368759155273,12.155451774597168,19584
top1_deflation,4,different_topic_diff_language,15.891491889953613,16.572179794311523,518400
top1_deflation,4,different_topic_same_language,15.821646690368652,13.1566801071167,130560
raw,5,exact_translation_diff_language,15.223040580749512,55.438358306884766,2400
raw,5,same_factor_diff_language,15.686688423156738,66.21399688720703,25920
raw,5,same_factor_same_language,13.267660140991211,46.583492279052734,5904
raw,5,same_domain_diff_language,15.889527320861816,66.87964630126953,77760
raw,5,same_domain_same_language,14.822297096252441,45.65235137939453,19584
raw,5,different_topic_diff_language,15.905774116516113,70.30480194091797,518400
raw,5,different_topic_same_language,15.812509536743164,51.269203186035156,130560
language_residualized,5,exact_translation_diff_language,15.13964557647705,24.79736328125,2400
language_residualized,5,same_factor_diff_language,15.614859580993652,45.37545394897461,25920
language_residualized,5,same_factor_same_language,13.510601997375488,46.58350372314453,5904
language_residualized,5,same_domain_diff_language,15.819463729858398,46.51347732543945,77760
language_residualized,5,same_domain_same_language,15.087126731872559,45.65235137939453,19584
language_residualized,5,different_topic_diff_language,15.834815979003906,51.11745834350586,518400
language_residualized,5,different_topic_same_language,16.063692092895508,51.269203186035156,130560
top1_deflation,5,exact_translation_diff_language,15.250027656555176,16.67765235900879,2400
top1_deflation,5,same_factor_diff_language,15.68777847290039,17.24799156188965,25920
top1_deflation,5,same_factor_same_language,13.288850784301758,12.221150398254395,5904
top1_deflation,5,same_domain_diff_language,15.891241073608398,17.457279205322266,77760
top1_deflation,5,same_domain_same_language,14.857118606567383,13.172585487365723,19584
top1_deflation,5,different_topic_diff_language,15.89891529083252,17.73342514038086,518400
top1_deflation,5,different_topic_same_language,15.836772918701172,14.351728439331055,130560
raw,6,exact_translation_diff_language,15.027083396911621,61.05887985229492,2400
raw,6,same_factor_diff_language,15.648956298828125,73.14083862304688,25920
raw,6,same_factor_same_language,13.344173431396484,51.84050369262695,5904
raw,6,same_domain_diff_language,15.912189483642578,73.91265106201172,77760
raw,6,same_domain_same_language,14.853116989135742,50.790401458740234,19584
raw,6,different_topic_diff_language,15.927852630615234,77.79934692382812,518400
raw,6,different_topic_same_language,15.832477569580078,57.0933723449707,130560
language_residualized,6,exact_translation_diff_language,14.945920944213867,27.33454132080078,2400
language_residualized,6,same_factor_diff_language,15.57712173461914,50.41781997680664,25920
language_residualized,6,same_factor_same_language,13.57850456237793,51.84049987792969,5904
language_residualized,6,same_domain_diff_language,15.840289115905762,51.71965408325195,77760
language_residualized,6,same_domain_same_language,15.114556312561035,50.79039764404297,19584
language_residualized,6,different_topic_diff_language,15.85584545135498,56.92787551879883,518400
language_residualized,6,different_topic_same_language,16.082069396972656,57.09336853027344,130560
top1_deflation,6,exact_translation_diff_language,15.052558898925781,18.601356506347656,2400
top1_deflation,6,same_factor_diff_language,15.652116775512695,19.331645965576172,25920
top1_deflation,6,same_factor_same_language,13.365504264831543,13.727439880371094,5904
top1_deflation,6,same_domain_diff_language,15.91289234161377,19.620223999023438,77760
top1_deflation,6,same_domain_same_language,14.889126777648926,14.793099403381348,19584
top1_deflation,6,different_topic_diff_language,15.919793128967285,19.99544334411621,518400
top1_deflation,6,different_topic_same_language,15.856192588806152,16.145980834960938,130560
raw,7,exact_translation_diff_language,14.8749361038208,63.532527923583984,2400
raw,7,same_factor_diff_language,15.598743438720703,76.2352294921875,25920
raw,7,same_factor_same_language,13.363471984863281,54.34071731567383,5904
raw,7,same_domain_diff_language,15.905343055725098,77.0691146850586,77760
raw,7,same_domain_same_language,14.847668647766113,53.24904251098633,19584
raw,7,different_topic_diff_language,15.921470642089844,81.08695983886719,518400
raw,7,different_topic_same_language,15.832983016967773,59.7437744140625,130560
language_residualized,7,exact_translation_diff_language,14.792577743530273,28.583938598632812,2400
language_residualized,7,same_factor_diff_language,15.529184341430664,52.81516647338867,25920
language_residualized,7,same_factor_same_language,13.602897644042969,54.34073257446289,5904
language_residualized,7,same_domain_diff_language,15.835545539855957,54.20576858520508,77760
language_residualized,7,same_domain_same_language,15.10804271697998,53.2490348815918,19584
language_residualized,7,different_topic_diff_language,15.848764419555664,59.57208251953125,518400
language_residualized,7,different_topic_same_language,16.081981658935547,59.7437744140625,130560
top1_deflation,7,exact_translation_diff_language,14.901516914367676,19.727405548095703,2400
top1_deflation,7,same_factor_diff_language,15.60285472869873,20.540361404418945,25920
top1_deflation,7,same_factor_same_language,13.390218734741211,14.577777862548828,5904
top1_deflation,7,same_domain_diff_language,15.906791687011719,20.89384651184082,77760
top1_deflation,7,same_domain_same_language,14.881937980651855,15.725637435913086,19584
top1_deflation,7,different_topic_diff_language,15.91358470916748,21.331453323364258,518400
top1_deflation,7,different_topic_same_language,15.856365203857422,17.17629051208496,130560
raw,8,exact_translation_diff_language,14.760154724121094,65.91653442382812,2400
raw,8,same_factor_diff_language,15.555582046508789,78.88232421875,25920
raw,8,same_factor_same_language,13.404847145080566,55.83357238769531,5904
raw,8,same_domain_diff_language,15.904441833496094,79.75418090820312,77760
raw,8,same_domain_same_language,14.856008529663086,54.73003005981445,19584
raw,8,different_topic_diff_language,15.920404434204102,83.90379333496094,518400
raw,8,different_topic_same_language,15.836679458618164,61.46280288696289,130560
language_residualized,8,exact_translation_diff_language,14.675312042236328,29.38223648071289,2400
language_residualized,8,same_factor_diff_language,15.489928245544434,54.242958068847656,25920
language_residualized,8,same_factor_same_language,13.655492782592773,55.83357620239258,5904
language_residualized,8,same_domain_diff_language,15.837571144104004,55.70299530029297,77760
language_residualized,8,same_domain_same_language,15.115805625915527,54.73003005981445,19584
language_residualized,8,different_topic_diff_language,15.851086616516113,61.277618408203125,518400
language_residualized,8,different_topic_same_language,16.088945388793945,61.462806701660156,130560
top1_deflation,8,exact_translation_diff_language,14.786370277404785,20.77362632751465,2400
top1_deflation,8,same_factor_diff_language,15.559774398803711,21.674942016601562,25920
top1_deflation,8,same_factor_same_language,13.428853988647461,15.14358901977539,5904
top1_deflation,8,same_domain_diff_language,15.90582275390625,22.07361602783203,77760
top1_deflation,8,same_domain_same_language,14.89306354522705,16.327207565307617,19584
top1_deflation,8,different_topic_diff_language,15.91277027130127,22.560989379882812,518400
top1_deflation,8,different_topic_same_language,15.860599517822266,17.85393714904785,130560
raw,9,exact_translation_diff_language,14.627349853515625,67.18963623046875,2400
raw,9,same_factor_diff_language,15.531231880187988,80.58688354492188,25920
raw,9,same_factor_same_language,13.483104705810547,57.3181037902832,5904
raw,9,same_domain_diff_language,15.911837577819824,81.509521484375,77760
raw,9,same_domain_same_language,14.870795249938965,56.21596145629883,19584
raw,9,different_topic_diff_language,15.929851531982422,85.81372833251953,518400
raw,9,different_topic_same_language,15.846872329711914,63.17235565185547,130560
language_residualized,9,exact_translation_diff_language,14.54239273071289,30.28900718688965,2400
language_residualized,9,same_factor_diff_language,15.463622093200684,55.68153381347656,25920
language_residualized,9,same_factor_same_language,13.715462684631348,57.318111419677734,5904
language_residualized,9,same_domain_diff_language,15.845013618469238,57.213722229003906,77760
language_residualized,9,same_domain_same_language,15.129488945007324,56.21596145629883,19584
language_residualized,9,different_topic_diff_language,15.85874080657959,62.9759407043457,518400
language_residualized,9,different_topic_same_language,16.09813117980957,63.172359466552734,130560
top1_deflation,9,exact_translation_diff_language,14.65034008026123,21.36184310913086,2400
top1_deflation,9,same_factor_diff_language,15.533466339111328,22.4556884765625,25920
top1_deflation,9,same_factor_same_language,13.501148223876953,16.032712936401367,5904
top1_deflation,9,same_domain_diff_language,15.913426399230957,22.91516876220703,77760
top1_deflation,9,same_domain_same_language,14.90512466430664,17.23276710510254,19584
top1_deflation,9,different_topic_diff_language,15.921523094177246,23.47418975830078,518400
top1_deflation,9,different_topic_same_language,15.87004280090332,18.847576141357422,130560
raw,10,exact_translation_diff_language,14.497864723205566,68.04540252685547,2400
raw,10,same_factor_diff_language,15.503195762634277,81.67935943603516,25920
raw,10,same_factor_same_language,13.53418254852295,58.23147964477539,5904
raw,10,same_domain_diff_language,15.91454792022705,82.63592529296875,77760
raw,10,same_domain_same_language,14.892144203186035,57.12977981567383,19584
raw,10,different_topic_diff_language,15.933767318725586,87.01376342773438,518400
raw,10,different_topic_same_language,15.851827621459961,64.18595123291016,130560
language_residualized,10,exact_translation_diff_language,14.399810791015625,30.762422561645508,2400
language_residualized,10,same_factor_diff_language,15.436375617980957,56.54344177246094,25920
language_residualized,10,same_factor_same_language,13.76974868774414,58.231483459472656,5904
language_residualized,10,same_domain_diff_language,15.845572471618652,58.125423431396484,77760
language_residualized,10,same_domain_same_language,15.147205352783203,57.12977981567383,19584
language_residualized,10,different_topic_diff_language,15.862608909606934,63.97903060913086,518400
language_residualized,10,different_topic_same_language,16.10303497314453,64.18595123291016,130560
top1_deflation,10,exact_translation_diff_language,14.520318984985352,21.58084487915039,2400
top1_deflation,10,same_factor_diff_language,15.507396697998047,22.834548950195312,25920
top1_deflation,10,same_factor_same_language,13.551661491394043,16.579837799072266,5904
top1_deflation,10,same_domain_diff_language,15.916831016540527,23.358606338500977,77760
top1_deflation,10,same_domain_same_language,14.927292823791504,17.820186614990234,19584
top1_deflation,10,different_topic_diff_language,15.926213264465332,23.972471237182617,518400
top1_deflation,10,different_topic_same_language,15.875901222229004,19.485136032104492,130560
raw,11,exact_translation_diff_language,14.375679016113281,68.79130554199219,2400
raw,11,same_factor_diff_language,15.484184265136719,82.5679702758789,25920
raw,11,same_factor_same_language,13.590754508972168,58.8846435546875,5904
raw,11,same_domain_diff_language,15.92060375213623,83.56683349609375,77760
raw,11,same_domain_same_language,14.919424057006836,57.843666076660156,19584
raw,11,different_topic_diff_language,15.942262649536133,88.00442504882812,518400
raw,11,different_topic_same_language,15.864421844482422,64.99861145019531,130560
language_residualized,11,exact_translation_diff_language,14.26387882232666,31.249706268310547,2400
language_residualized,11,same_factor_diff_language,15.411125183105469,57.20361328125,25920
language_residualized,11,same_factor_same_language,13.83676815032959,58.884647369384766,5904
language_residualized,11,same_domain_diff_language,15.85353946685791,58.847190856933594,77760
language_residualized,11,same_domain_same_language,15.174954414367676,57.843685150146484,19584
language_residualized,11,different_topic_diff_language,15.871490478515625,64.7843017578125,518400
language_residualized,11,different_topic_same_language,16.11487579345703,64.99861145019531,130560
top1_deflation,11,exact_translation_diff_language,14.397189140319824,21.99481201171875,2400
top1_deflation,11,same_factor_diff_language,15.48779296875,23.438861846923828,25920
top1_deflation,11,same_factor_same_language,13.61810302734375,17.387943267822266,5904
top1_deflation,11,same_domain_diff_language,15.921964645385742,24.053539276123047,77760
top1_deflation,11,same_domain_same_language,14.953573226928711,18.71170425415039,19584
top1_deflation,11,different_topic_diff_language,15.934118270874023,24.788503646850586,518400
top1_deflation,11,different_topic_same_language,15.887444496154785,20.528213500976562,130560
raw,12,exact_translation_diff_language,14.342161178588867,68.91265106201172,2400
raw,12,same_factor_diff_language,15.475757598876953,82.71038055419922,25920
raw,12,same_factor_same_language,13.578940391540527,59.04494857788086,5904
raw,12,same_domain_diff_language,15.923996925354004,83.70975494384766,77760
raw,12,same_domain_same_language,14.930075645446777,58.016136169433594,19584
raw,12,different_topic_diff_language,15.944171905517578,88.16019439697266,518400
raw,12,different_topic_same_language,15.864099502563477,65.19052124023438,130560
language_residualized,12,exact_translation_diff_language,14.244485855102539,31.417573928833008,2400
language_residualized,12,same_factor_diff_language,15.408421516418457,57.39131546020508,25920
language_residualized,12,same_factor_same_language,13.81935977935791,59.044944763183594,5904
language_residualized,12,same_domain_diff_language,15.85627555847168,59.033538818359375,77760
language_residualized,12,same_domain_same_language,15.18906021118164,58.0161247253418,19584
language_residualized,12,different_topic_diff_language,15.874632835388184,64.97764587402344,518400
language_residualized,12,different_topic_same_language,16.115468978881836,65.19052124023438,130560
top1_deflation,12,exact_translation_diff_language,14.365361213684082,22.139724731445312,2400
top1_deflation,12,same_factor_diff_language,15.479766845703125,23.59430694580078,25920
top1_deflation,12,same_factor_same_language,13.605133056640625,17.495628356933594,5904
top1_deflation,12,same_domain_diff_language,15.924744606018066,24.208723068237305,77760
top1_deflation,12,same_domain_same_language,14.965469360351562,18.848556518554688,19584
top1_deflation,12,different_topic_diff_language,15.93639850616455,24.936796188354492,518400
top1_deflation,12,different_topic_same_language,15.887388229370117,20.662195205688477,130560
raw,13,exact_translation_diff_language,14.281355857849121,69.79412078857422,2400
raw,13,same_factor_diff_language,15.469097137451172,83.66448974609375,25920
raw,13,same_factor_same_language,13.564811706542969,59.62793731689453,5904
raw,13,same_domain_diff_language,15.930941581726074,84.7181625366211,77760
raw,13,same_domain_same_language,14.95246410369873,58.7407112121582,19584
raw,13,different_topic_diff_language,15.948881149291992,89.20085144042969,518400
raw,13,different_topic_same_language,15.867304801940918,65.9865951538086,130560
language_residualized,13,exact_translation_diff_language,14.170903205871582,32.028194427490234,2400
language_residualized,13,same_factor_diff_language,15.398249626159668,58.0456657409668,25920
language_residualized,13,same_factor_same_language,13.815261840820312,59.62794876098633,5904
language_residualized,13,same_domain_diff_language,15.863933563232422,59.76486587524414,77760
language_residualized,13,same_domain_same_language,15.213068962097168,58.7407112121582,19584
language_residualized,13,different_topic_diff_language,15.879778861999512,65.75066375732422,518400
language_residualized,13,different_topic_same_language,16.118223190307617,65.9865951538086,130560
top1_deflation,13,exact_translation_diff_language,14.303450584411621,22.63401222229004,2400
top1_deflation,13,same_factor_diff_language,15.472627639770508,24.22835922241211,25920
top1_deflation,13,same_factor_same_language,13.592154502868652,18.31140899658203,5904
top1_deflation,13,same_domain_diff_language,15.931577682495117,24.96145248413086,77760
top1_deflation,13,same_domain_same_language,14.985204696655273,19.882080078125,19584
top1_deflation,13,different_topic_diff_language,15.940486907958984,25.809370040893555,518400
top1_deflation,13,different_topic_same_language,15.89078426361084,21.865768432617188,130560
raw,14,exact_translation_diff_language,14.273545265197754,72.1264419555664,2400
raw,14,same_factor_diff_language,15.457369804382324,85.58861541748047,25920
raw,14,same_factor_same_language,13.557541847229004,59.689239501953125,5904
raw,14,same_domain_diff_language,15.930595397949219,86.64086151123047,77760
raw,14,same_domain_same_language,14.949676513671875,58.91383361816406,19584
raw,14,different_topic_diff_language,15.945795059204102,91.05708312988281,518400
raw,14,different_topic_same_language,15.862390518188477,66.20719909667969,130560
language_residualized,14,exact_translation_diff_language,14.170188903808594,32.47163772583008,2400
language_residualized,14,same_factor_diff_language,15.38742446899414,58.202850341796875,25920
language_residualized,14,same_factor_same_language,13.799172401428223,59.689239501953125,5904
language_residualized,14,same_domain_diff_language,15.862582206726074,59.9613151550293,77760
language_residualized,14,same_domain_same_language,15.205845832824707,58.91383743286133,19584
language_residualized,14,different_topic_diff_language,15.875149726867676,65.95795440673828,518400
language_residualized,14,different_topic_same_language,16.112600326538086,66.20719909667969,130560
top1_deflation,14,exact_translation_diff_language,14.296363830566406,25.450712203979492,2400
top1_deflation,14,same_factor_diff_language,15.45916748046875,26.999094009399414,25920
top1_deflation,14,same_factor_same_language,13.584905624389648,19.080869674682617,5904
top1_deflation,14,same_domain_diff_language,15.930344581604004,27.73870849609375,77760
top1_deflation,14,same_domain_same_language,14.98288631439209,20.741220474243164,19584
top1_deflation,14,different_topic_diff_language,15.936996459960938,28.623565673828125,518400
top1_deflation,14,different_topic_same_language,15.88575553894043,22.894258499145508,130560
raw,15,exact_translation_diff_language,14.271087646484375,72.36869812011719,2400
raw,15,same_factor_diff_language,15.458141326904297,85.96504974365234,25920
raw,15,same_factor_same_language,13.560441970825195,60.32691955566406,5904
raw,15,same_domain_diff_language,15.926274299621582,87.06086730957031,77760
raw,15,same_domain_same_language,14.951045989990234,59.644012451171875,19584
raw,15,different_topic_diff_language,15.945520401000977,91.53294372558594,518400
raw,15,different_topic_same_language,15.866654396057129,67.0162124633789,130560
language_residualized,15,exact_translation_diff_language,14.175251007080078,33.19343948364258,2400
language_residualized,15,same_factor_diff_language,15.386838912963867,58.904747009277344,25920
language_residualized,15,same_factor_same_language,13.797301292419434,60.32691192626953,5904
language_residualized,15,same_domain_diff_language,15.85903549194336,60.712276458740234,77760
language_residualized,15,same_domain_same_language,15.205694198608398,59.64400863647461,19584
language_residualized,15,different_topic_diff_language,15.874733924865723,66.74752807617188,518400
language_residualized,15,different_topic_same_language,16.117191314697266,67.01620483398438,130560
top1_deflation,15,exact_translation_diff_language,14.298707962036133,26.489990234375,2400
top1_deflation,15,same_factor_diff_language,15.460198402404785,28.162002563476562,25920
top1_deflation,15,same_factor_same_language,13.58060073852539,20.12171745300293,5904
top1_deflation,15,same_domain_diff_language,15.925830841064453,28.961801528930664,77760
top1_deflation,15,same_domain_same_language,14.986205101013184,21.88336944580078,19584
top1_deflation,15,different_topic_diff_language,15.936302185058594,29.919925689697266,518400
top1_deflation,15,different_topic_same_language,15.88975715637207,24.1795654296875,130560
raw,16,exact_translation_diff_language,14.268245697021484,72.71438598632812,2400
raw,16,same_factor_diff_language,15.457294464111328,86.29217529296875,25920
raw,16,same_factor_same_language,13.549221992492676,60.613460540771484,5904
raw,16,same_domain_diff_language,15.919682502746582,87.4115982055664,77760
raw,16,same_domain_same_language,14.941431999206543,60.019775390625,19584
raw,16,different_topic_diff_language,15.938172340393066,91.86966705322266,518400
raw,16,different_topic_same_language,15.86534595489502,67.4006576538086,130560
language_residualized,16,exact_translation_diff_language,14.169508934020996,33.75428771972656,2400
language_residualized,16,same_factor_diff_language,15.386877059936523,59.27655792236328,25920
language_residualized,16,same_factor_same_language,13.791924476623535,60.61344909667969,5904
language_residualized,16,same_domain_diff_language,15.852127075195312,61.10966491699219,77760
language_residualized,16,same_domain_same_language,15.19906234741211,60.019775390625,19584
language_residualized,16,different_topic_diff_language,15.867749214172363,67.11329650878906,518400
language_residualized,16,different_topic_same_language,16.115755081176758,67.40066528320312,130560
top1_deflation,16,exact_translation_diff_language,14.289322853088379,27.277854919433594,2400
top1_deflation,16,same_factor_diff_language,15.458661079406738,29.06538963317871,25920
top1_deflation,16,same_factor_same_language,13.577095031738281,20.956636428833008,5904
top1_deflation,16,same_domain_diff_language,15.919356346130371,29.899599075317383,77760
top1_deflation,16,same_domain_same_language,14.976297378540039,22.788318634033203,19584
top1_deflation,16,different_topic_diff_language,15.929357528686523,30.871461868286133,518400
top1_deflation,16,different_topic_same_language,15.88864803314209,25.152128219604492,130560
raw,17,exact_translation_diff_language,14.2527437210083,75.34281921386719,2400
raw,17,same_factor_diff_language,15.450860023498535,88.65257263183594,25920
raw,17,same_factor_same_language,13.541756629943848,61.1119270324707,5904
raw,17,same_domain_diff_language,15.917224884033203,89.82617950439453,77760
raw,17,same_domain_same_language,14.934377670288086,60.72248840332031,19584
raw,17,different_topic_diff_language,15.93358325958252,94.3216781616211,518400
raw,17,different_topic_same_language,15.867091178894043,68.30719757080078,130560
language_residualized,17,exact_translation_diff_language,14.1550931930542,34.573204040527344,2400
language_residualized,17,same_factor_diff_language,15.382853507995605,59.90960693359375,25920
language_residualized,17,same_factor_same_language,13.797245979309082,61.1119270324707,5904
language_residualized,17,same_domain_diff_language,15.84998893737793,61.863677978515625,77760
language_residualized,17,same_domain_same_language,15.191335678100586,60.72248840332031,19584
language_residualized,17,different_topic_diff_language,15.86341381072998,67.98912811279297,518400
language_residualized,17,different_topic_same_language,16.118112564086914,68.30719757080078,130560
top1_deflation,17,exact_translation_diff_language,14.275605201721191,30.418655395507812,2400
top1_deflation,17,same_factor_diff_language,15.452279090881348,32.231101989746094,25920
top1_deflation,17,same_factor_same_language,13.56552505493164,22.250492095947266,5904
top1_deflation,17,same_domain_diff_language,15.917618751525879,33.16392517089844,77760
top1_deflation,17,same_domain_same_language,14.969442367553711,24.300994873046875,19584
top1_deflation,17,different_topic_diff_language,15.924981117248535,34.31745910644531,518400
top1_deflation,17,different_topic_same_language,15.891420364379883,27.06465721130371,130560
raw,18,exact_translation_diff_language,14.250144958496094,76.08890533447266,2400
raw,18,same_factor_diff_language,15.455070495605469,89.33671569824219,25920
raw,18,same_factor_same_language,13.538843154907227,61.43424987792969,5904
raw,18,same_domain_diff_language,15.912657737731934,90.5625991821289,77760
raw,18,same_domain_same_language,14.921281814575195,61.26398468017578,19584
raw,18,different_topic_diff_language,15.925935745239258,95.11178588867188,518400
raw,18,different_topic_same_language,15.86743450164795,69.00106048583984,130560
language_residualized,18,exact_translation_diff_language,14.148706436157227,35.585838317871094,2400
language_residualized,18,same_factor_diff_language,15.384013175964355,60.45419692993164,25920
language_residualized,18,same_factor_same_language,13.788633346557617,61.43424606323242,5904
language_residualized,18,same_domain_diff_language,15.84487247467041,62.47011947631836,77760
language_residualized,18,same_domain_same_language,15.180858612060547,61.26398468017578,19584
language_residualized,18,different_topic_diff_language,15.854902267456055,68.64688110351562,518400
language_residualized,18,different_topic_same_language,16.118127822875977,69.00105285644531,130560
top1_deflation,18,exact_translation_diff_language,14.26805305480957,31.853124618530273,2400
top1_deflation,18,same_factor_diff_language,15.454270362854004,33.889076232910156,25920
top1_deflation,18,same_factor_same_language,13.564544677734375,23.802173614501953,5904
top1_deflation,18,same_domain_diff_language,15.912467956542969,34.892189025878906,77760
top1_deflation,18,same_domain_same_language,14.957073211669922,26.005590438842773,19584
top1_deflation,18,different_topic_diff_language,15.916821479797363,36.093353271484375,518400
top1_deflation,18,different_topic_same_language,15.891386032104492,28.944171905517578,130560
raw,19,exact_translation_diff_language,14.298505783081055,77.45994567871094,2400
raw,19,same_factor_diff_language,15.472495079040527,90.41053009033203,25920
raw,19,same_factor_same_language,13.537154197692871,61.57680892944336,5904
raw,19,same_domain_diff_language,15.912758827209473,91.7042465209961,77760
raw,19,same_domain_same_language,14.899091720581055,61.73046112060547,19584
raw,19,different_topic_diff_language,15.922605514526367,96.25184631347656,518400
raw,19,different_topic_same_language,15.87024974822998,69.58924102783203,130560
language_residualized,19,exact_translation_diff_language,14.193445205688477,36.70657730102539,2400
language_residualized,19,same_factor_diff_language,15.399377822875977,60.8824348449707,25920
language_residualized,19,same_factor_same_language,13.788464546203613,61.57680892944336,5904
language_residualized,19,same_domain_diff_language,15.843372344970703,63.0098876953125,77760
language_residualized,19,same_domain_same_language,15.15759563446045,61.73046875,19584
language_residualized,19,different_topic_diff_language,15.850332260131836,69.19550323486328,518400
language_residualized,19,different_topic_same_language,16.119773864746094,69.58924102783203,130560
top1_deflation,19,exact_translation_diff_language,14.315217971801758,35.06370544433594,2400
top1_deflation,19,same_factor_diff_language,15.472295761108398,37.235843658447266,25920
top1_deflation,19,same_factor_same_language,13.563220977783203,25.639060974121094,5904
top1_deflation,19,same_domain_diff_language,15.913375854492188,38.3455924987793,77760
top1_deflation,19,same_domain_same_language,14.932565689086914,28.111127853393555,19584
top1_deflation,19,different_topic_diff_language,15.91356086730957,39.64678955078125,518400
top1_deflation,19,different_topic_same_language,15.895323753356934,31.363365173339844,130560
raw,20,exact_translation_diff_language,14.346700668334961,78.74566650390625,2400
raw,20,same_factor_diff_language,15.48022174835205,91.22918701171875,25920
raw,20,same_factor_same_language,13.513448715209961,61.11075210571289,5904
raw,20,same_domain_diff_language,15.908735275268555,92.50130462646484,77760
raw,20,same_domain_same_language,14.874194145202637,61.444923400878906,19584
raw,20,different_topic_diff_language,15.91533374786377,96.95374298095703,518400
raw,20,different_topic_same_language,15.866547584533691,69.33038330078125,130560
language_residualized,20,exact_translation_diff_language,14.245107650756836,37.305912017822266,2400
language_residualized,20,same_factor_diff_language,15.4075288772583,60.67194747924805,25920
language_residualized,20,same_factor_same_language,13.763031005859375,61.11075210571289,5904
language_residualized,20,same_domain_diff_language,15.839461326599121,62.790565490722656,77760
language_residualized,20,same_domain_same_language,15.13134765625,61.44493103027344,19584
language_residualized,20,different_topic_diff_language,15.842901229858398,68.9071044921875,518400
language_residualized,20,different_topic_same_language,16.117307662963867,69.33039093017578,130560
top1_deflation,20,exact_translation_diff_language,14.367037773132324,37.76890563964844,2400
top1_deflation,20,same_factor_diff_language,15.480573654174805,39.9213981628418,25920
top1_deflation,20,same_factor_same_language,13.544031143188477,26.778369903564453,5904
top1_deflation,20,same_domain_diff_language,15.908685684204102,41.001502990722656,77760
top1_deflation,20,same_domain_same_language,14.906760215759277,29.329721450805664,19584
top1_deflation,20,different_topic_diff_language,15.906228065490723,42.30693054199219,518400
top1_deflation,20,different_topic_same_language,15.892301559448242,32.76694869995117,130560
raw,21,exact_translation_diff_language,14.358819961547852,79.9632797241211,2400
raw,21,same_factor_diff_language,15.477779388427734,91.73458862304688,25920
raw,21,same_factor_same_language,13.508905410766602,60.13237380981445,5904
raw,21,same_domain_diff_language,15.900915145874023,93.00579071044922,77760
raw,21,same_domain_same_language,14.847997665405273,60.7586555480957,19584
raw,21,different_topic_diff_language,15.905715942382812,97.29884338378906,518400
raw,21,different_topic_same_language,15.861166954040527,68.6091537475586,130560
language_residualized,21,exact_translation_diff_language,14.256671905517578,37.993560791015625,2400
language_residualized,21,same_factor_diff_language,15.410346984863281,60.02484893798828,25920
language_residualized,21,same_factor_same_language,13.764016151428223,60.132362365722656,5904
language_residualized,21,same_domain_diff_language,15.831855773925781,62.166324615478516,77760
language_residualized,21,same_domain_same_language,15.106025695800781,60.7586669921875,19584
language_residualized,21,different_topic_diff_language,15.834037780761719,68.1524887084961,518400
language_residualized,21,different_topic_same_language,16.114118576049805,68.60916137695312,130560
top1_deflation,21,exact_translation_diff_language,14.372118949890137,39.812950134277344,2400
top1_deflation,21,same_factor_diff_language,15.478690147399902,42.161617279052734,25920
top1_deflation,21,same_factor_same_language,13.539237022399902,28.42559814453125,5904
top1_deflation,21,same_domain_diff_language,15.90088939666748,43.285369873046875,77760
top1_deflation,21,same_domain_same_language,14.883502006530762,31.078510284423828,19584
top1_deflation,21,different_topic_diff_language,15.89698600769043,44.62580108642578,518400
top1_deflation,21,different_topic_same_language,15.889249801635742,34.68034744262695,130560
raw,22,exact_translation_diff_language,14.395312309265137,84.16520690917969,2400
raw,22,same_factor_diff_language,15.489209175109863,95.04552459716797,25920
raw,22,same_factor_same_language,13.519668579101562,59.7308349609375,5904
raw,22,same_domain_diff_language,15.899723052978516,96.30797576904297,77760
raw,22,same_domain_same_language,14.830955505371094,60.65958786010742,19584
raw,22,different_topic_diff_language,15.903165817260742,100.43043518066406,518400
raw,22,different_topic_same_language,15.859521865844727,68.59548950195312,130560
language_residualized,22,exact_translation_diff_language,14.288647651672363,39.13028335571289,2400
language_residualized,22,same_factor_diff_language,15.418220520019531,59.98113250732422,25920
language_residualized,22,same_factor_same_language,13.779217720031738,59.73082733154297,5904
language_residualized,22,same_domain_diff_language,15.829303741455078,62.175785064697266,77760
language_residualized,22,same_domain_same_language,15.089455604553223,60.65958786010742,19584
language_residualized,22,different_topic_diff_language,15.829611778259277,68.10142517089844,518400
language_residualized,22,different_topic_same_language,16.11090660095215,68.59548950195312,130560
top1_deflation,22,exact_translation_diff_language,14.404130935668945,44.93558120727539,2400
top1_deflation,22,same_factor_diff_language,15.489166259765625,47.334251403808594,25920
top1_deflation,22,same_factor_same_language,13.549226760864258,30.4801082611084,5904
top1_deflation,22,same_domain_diff_language,15.898435592651367,48.46009063720703,77760
top1_deflation,22,same_domain_same_language,14.870378494262695,33.22787857055664,19584
top1_deflation,22,different_topic_diff_language,15.893274307250977,49.8591194152832,518400
top1_deflation,22,different_topic_same_language,15.889055252075195,37.156768798828125,130560
raw,23,exact_translation_diff_language,14.411070823669434,89.83172607421875,2400
raw,23,same_factor_diff_language,15.497032165527344,100.21855926513672,25920
raw,23,same_factor_same_language,13.501273155212402,60.40566635131836,5904
raw,23,same_domain_diff_language,15.893714904785156,101.51466369628906,77760
raw,23,same_domain_same_language,14.804429054260254,61.70893478393555,19584
raw,23,different_topic_diff_language,15.894814491271973,105.63566589355469,518400
raw,23,different_topic_same_language,15.853569030761719,70.03397369384766,130560
language_residualized,23,exact_translation_diff_language,14.30823040008545,40.840057373046875,2400
language_residualized,23,same_factor_diff_language,15.420807838439941,61.06378936767578,25920
language_residualized,23,same_factor_same_language,13.767041206359863,60.40568542480469,5904
language_residualized,23,same_domain_diff_language,15.823444366455078,63.387577056884766,77760
language_residualized,23,same_domain_same_language,15.063481330871582,61.70893859863281,19584
language_residualized,23,different_topic_diff_language,15.82078742980957,69.49891662597656,518400
language_residualized,23,different_topic_same_language,16.104459762573242,70.03398895263672,130560
top1_deflation,23,exact_translation_diff_language,14.4237642288208,48.69146728515625,2400
top1_deflation,23,same_factor_diff_language,15.496764183044434,51.16262435913086,25920
top1_deflation,23,same_factor_same_language,13.539095878601074,32.312530517578125,5904
top1_deflation,23,same_domain_diff_language,15.891581535339355,52.3612174987793,77760
top1_deflation,23,same_domain_same_language,14.847967147827148,35.30660629272461,19584
top1_deflation,23,different_topic_diff_language,15.885022163391113,53.869140625,518400
top1_deflation,23,different_topic_same_language,15.885063171386719,39.627986907958984,130560
raw,24,exact_translation_diff_language,14.433696746826172,93.78961944580078,2400
raw,24,same_factor_diff_language,15.503412246704102,104.01044464111328,25920
raw,24,same_factor_same_language,13.508088111877441,61.42664337158203,5904
raw,24,same_domain_diff_language,15.887068748474121,105.33928680419922,77760
raw,24,same_domain_same_language,14.771437644958496,62.97191619873047,19584
raw,24,different_topic_diff_language,15.885995864868164,109.50778198242188,518400
raw,24,different_topic_same_language,15.842931747436523,71.65057373046875,130560
language_residualized,24,exact_translation_diff_language,14.333515167236328,42.520137786865234,2400
language_residualized,24,same_factor_diff_language,15.426766395568848,62.40400314331055,25920
language_residualized,24,same_factor_same_language,13.765021324157715,61.42665100097656,5904
language_residualized,24,same_domain_diff_language,15.815107345581055,64.8109359741211,77760
language_residualized,24,same_domain_same_language,15.03675651550293,62.97190475463867,19584
language_residualized,24,different_topic_diff_language,15.811676979064941,71.08861541748047,518400
language_residualized,24,different_topic_same_language,16.094554901123047,71.65057373046875,130560
top1_deflation,24,exact_translation_diff_language,14.447291374206543,51.4033088684082,2400
top1_deflation,24,same_factor_diff_language,15.503829002380371,53.96506881713867,25920
top1_deflation,24,same_factor_same_language,13.54210090637207,34.01042556762695,5904
top1_deflation,24,same_domain_diff_language,15.884174346923828,55.2187614440918,77760
top1_deflation,24,same_domain_same_language,14.816437721252441,37.16972732543945,19584
top1_deflation,24,different_topic_diff_language,15.875649452209473,56.78907775878906,518400
top1_deflation,24,different_topic_same_language,15.875545501708984,41.77515411376953,130560
raw,25,exact_translation_diff_language,14.460286140441895,97.74027252197266,2400
raw,25,same_factor_diff_language,15.503299713134766,107.85053253173828,25920
raw,25,same_factor_same_language,13.49227237701416,62.441951751708984,5904
raw,25,same_domain_diff_language,15.874366760253906,109.1918716430664,77760
raw,25,same_domain_same_language,14.7359037399292,64.18939208984375,19584
raw,25,different_topic_diff_language,15.87167739868164,113.34615325927734,518400
raw,25,different_topic_same_language,15.82653522491455,73.11707305908203,130560
language_residualized,25,exact_translation_diff_language,14.36694622039795,44.14939498901367,2400
language_residualized,25,same_factor_diff_language,15.42911148071289,63.73274612426758,25920
language_residualized,25,same_factor_same_language,13.755602836608887,62.44196319580078,5904
language_residualized,25,same_domain_diff_language,15.802404403686523,66.18582916259766,77760
language_residualized,25,same_domain_same_language,14.998905181884766,64.18939971923828,19584
language_residualized,25,different_topic_diff_language,15.797834396362305,72.53144836425781,518400
language_residualized,25,different_topic_same_language,16.078805923461914,73.11707305908203,130560
top1_deflation,25,exact_translation_diff_language,14.474804878234863,54.247657775878906,2400
top1_deflation,25,same_factor_diff_language,15.502768516540527,56.87991714477539,25920
top1_deflation,25,same_factor_same_language,13.529114723205566,35.609100341796875,5904
top1_deflation,25,same_domain_diff_language,15.872339248657227,58.155941009521484,77760
top1_deflation,25,same_domain_same_language,14.7833833694458,38.90538787841797,19584
top1_deflation,25,different_topic_diff_language,15.86194896697998,59.75796127319336,518400
top1_deflation,25,different_topic_same_language,15.862873077392578,43.761287689208984,130560
raw,26,exact_translation_diff_language,14.486507415771484,100.42444610595703,2400
raw,26,same_factor_diff_language,15.50481128692627,110.34418487548828,25920
raw,26,same_factor_same_language,13.456618309020996,62.917449951171875,5904
raw,26,same_domain_diff_language,15.864704132080078,111.67626190185547,77760
raw,26,same_domain_same_language,14.697402954101562,64.82088470458984,19584
raw,26,different_topic_diff_language,15.859487533569336,115.73065185546875,518400
raw,26,different_topic_same_language,15.814133644104004,73.81350708007812,130560
language_residualized,26,exact_translation_diff_language,14.392768859863281,45.38232421875,2400
language_residualized,26,same_factor_diff_language,15.430416107177734,64.49488067626953,25920
language_residualized,26,same_factor_same_language,13.734375953674316,62.91743850708008,5904
language_residualized,26,same_domain_diff_language,15.791104316711426,66.95064544677734,77760
language_residualized,26,same_domain_same_language,14.96044921875,64.82089233398438,19584
language_residualized,26,different_topic_diff_language,15.785126686096191,73.21247863769531,518400
language_residualized,26,different_topic_same_language,16.06604766845703,73.81350708007812,130560
top1_deflation,26,exact_translation_diff_language,14.502155303955078,56.47154998779297,2400
top1_deflation,26,same_factor_diff_language,15.503180503845215,59.13126754760742,25920
top1_deflation,26,same_factor_same_language,13.498398780822754,36.896087646484375,5904
top1_deflation,26,same_domain_diff_language,15.860784530639648,60.40415954589844,77760
top1_deflation,26,same_domain_same_language,14.743425369262695,40.272586822509766,19584
top1_deflation,26,different_topic_diff_language,15.848821640014648,61.993350982666016,518400
top1_deflation,26,different_topic_same_language,15.850167274475098,45.285614013671875,130560
raw,27,exact_translation_diff_language,14.525717735290527,101.94096374511719,2400
raw,27,same_factor_diff_language,15.510821342468262,111.54000091552734,25920
raw,27,same_factor_same_language,13.428093910217285,62.796146392822266,5904
raw,27,same_domain_diff_language,15.857890129089355,112.84161376953125,77760
raw,27,same_domain_same_language,14.668269157409668,64.81633758544922,19584
raw,27,different_topic_diff_language,15.851713180541992,116.78572082519531,518400
raw,27,different_topic_same_language,15.803117752075195,73.80647277832031,130560
language_residualized,27,exact_translation_diff_language,14.434264183044434,46.1403923034668,2400
language_residualized,27,same_factor_diff_language,15.436891555786133,64.63258361816406,25920
language_residualized,27,same_factor_same_language,13.702418327331543,62.79615020751953,5904
language_residualized,27,same_domain_diff_language,15.783683776855469,67.04817962646484,77760
language_residualized,27,same_domain_same_language,14.931619644165039,64.81633758544922,19584
language_residualized,27,different_topic_diff_language,15.77624225616455,73.19525909423828,518400
language_residualized,27,different_topic_same_language,16.054859161376953,73.80648040771484,130560
top1_deflation,27,exact_translation_diff_language,14.538639068603516,58.78464889526367,2400
top1_deflation,27,same_factor_diff_language,15.50904369354248,61.33832550048828,25920
top1_deflation,27,same_factor_same_language,13.468718528747559,37.68762969970703,5904
top1_deflation,27,same_domain_diff_language,15.854195594787598,62.56795120239258,77760
top1_deflation,27,same_domain_same_language,14.711087226867676,41.10865020751953,19584
top1_deflation,27,different_topic_diff_language,15.840658187866211,64.11154174804688,518400
top1_deflation,27,different_topic_same_language,15.840245246887207,46.21198654174805,130560
raw,28,exact_translation_diff_language,14.561820030212402,104.02528381347656,2400
raw,28,same_factor_diff_language,15.514881134033203,113.41093444824219,25920
raw,28,same_factor_same_language,13.416288375854492,62.8827018737793,5904
raw,28,same_domain_diff_language,15.847024917602539,114.69151306152344,77760
raw,28,same_domain_same_language,14.64677619934082,65.04232788085938,19584
raw,28,different_topic_diff_language,15.841911315917969,118.51921081542969,518400
raw,28,different_topic_same_language,15.791370391845703,74.05288696289062,130560
language_residualized,28,exact_translation_diff_language,14.475866317749023,47.080467224121094,2400
language_residualized,28,same_factor_diff_language,15.442925453186035,65.00072479248047,25920
language_residualized,28,same_factor_same_language,13.691847801208496,62.882694244384766,5904
language_residualized,28,same_domain_diff_language,15.776595115661621,67.39525604248047,77760
language_residualized,28,same_domain_same_language,14.917509078979492,65.04232788085938,19584
language_residualized,28,different_topic_diff_language,15.769278526306152,73.4244155883789,518400
language_residualized,28,different_topic_same_language,16.045969009399414,74.05288696289062,130560
top1_deflation,28,exact_translation_diff_language,14.574610710144043,61.199851989746094,2400
top1_deflation,28,same_factor_diff_language,15.512314796447754,63.7422981262207,25920
top1_deflation,28,same_factor_same_language,13.460257530212402,38.77956008911133,5904
top1_deflation,28,same_domain_diff_language,15.843830108642578,64.95755004882812,77760
top1_deflation,28,same_domain_same_language,14.694767951965332,42.27360153198242,19584
top1_deflation,28,different_topic_diff_language,15.831555366516113,66.4910659790039,518400
top1_deflation,28,different_topic_same_language,15.829500198364258,47.530757904052734,130560
raw,29,exact_translation_diff_language,14.594339370727539,106.2823715209961,2400
raw,29,same_factor_diff_language,15.516369819641113,115.1930923461914,25920
raw,29,same_factor_same_language,13.398932456970215,62.41511154174805,5904
raw,29,same_domain_diff_language,15.835956573486328,116.42354583740234,77760
raw,29,same_domain_same_language,14.615246772766113,64.71583557128906,19584
raw,29,different_topic_diff_language,15.82992172241211,120.01007843017578,518400
raw,29,different_topic_same_language,15.775160789489746,73.60448455810547,130560
language_residualized,29,exact_translation_diff_language,14.503470420837402,47.974971771240234,2400
language_residualized,29,same_factor_diff_language,15.443377494812012,64.86557006835938,25920
language_residualized,29,same_factor_same_language,13.681821823120117,62.41511535644531,5904
language_residualized,29,same_domain_diff_language,15.762358665466309,67.19751739501953,77760
language_residualized,29,same_domain_same_language,14.88172721862793,64.7158432006836,19584
language_residualized,29,different_topic_diff_language,15.755054473876953,72.96031951904297,518400
language_residualized,29,different_topic_same_language,16.02947998046875,73.60450744628906,130560
top1_deflation,29,exact_translation_diff_language,14.601422309875488,64.7998275756836,2400
top1_deflation,29,same_factor_diff_language,15.512527465820312,67.3150634765625,25920
top1_deflation,29,same_factor_same_language,13.447469711303711,40.16352844238281,5904
top1_deflation,29,same_domain_diff_language,15.830774307250977,68.48664093017578,77760
top1_deflation,29,same_domain_same_language,14.661184310913086,43.673641204833984,19584
top1_deflation,29,different_topic_diff_language,15.818038940429688,69.9716567993164,518400
top1_deflation,29,different_topic_same_language,15.813400268554688,49.06406784057617,130560
raw,30,exact_translation_diff_language,14.652456283569336,103.69036865234375,2400
raw,30,same_factor_diff_language,15.52678394317627,111.37566375732422,25920
raw,30,same_factor_same_language,13.388364791870117,58.75148391723633,5904
raw,30,same_domain_diff_language,15.833852767944336,112.51792907714844,77760
raw,30,same_domain_same_language,14.600244522094727,61.314186096191406,19584
raw,30,different_topic_diff_language,15.828205108642578,115.6529541015625,518400
raw,30,different_topic_same_language,15.771520614624023,69.69794464111328,130560
language_residualized,30,exact_translation_diff_language,14.55815601348877,47.54563903808594,2400
language_residualized,30,same_factor_diff_language,15.450774192810059,61.722999572753906,25920
language_residualized,30,same_factor_same_language,13.663925170898438,58.75148391723633,5904
language_residualized,30,same_domain_diff_language,15.759634017944336,63.897029876708984,77760
language_residualized,30,same_domain_same_language,14.869820594787598,61.314186096191406,19584
language_residualized,30,different_topic_diff_language,15.752315521240234,69.04132080078125,518400
language_residualized,30,different_topic_same_language,16.02496910095215,69.69794464111328,130560
top1_deflation,30,exact_translation_diff_language,14.659934997558594,66.60309600830078,2400
top1_deflation,30,same_factor_diff_language,15.522931098937988,69.01485443115234,25920
top1_deflation,30,same_factor_same_language,13.434003829956055,40.976722717285156,5904
top1_deflation,30,same_domain_diff_language,15.82929801940918,70.13741302490234,77760
top1_deflation,30,same_domain_same_language,14.645166397094727,44.458377838134766,19584
top1_deflation,30,different_topic_diff_language,15.81655216217041,71.58673858642578,518400
top1_deflation,30,different_topic_same_language,15.813454627990723,49.93027877807617,130560
raw,31,exact_translation_diff_language,14.703883171081543,91.62811279296875,2400
raw,31,same_factor_diff_language,15.537927627563477,94.21446990966797,25920
raw,31,same_factor_same_language,13.391220092773438,42.29915237426758,5904
raw,31,same_domain_diff_language,15.828126907348633,95.09796905517578,77760
raw,31,same_domain_same_language,14.586146354675293,46.0111083984375,19584
raw,31,different_topic_diff_language,15.824386596679688,96.19760131835938,518400
raw,31,different_topic_same_language,15.764949798583984,51.76585006713867,130560
language_residualized,31,exact_translation_diff_language,14.620442390441895,44.185508728027344,2400
language_residualized,31,same_factor_diff_language,15.461311340332031,47.29275131225586,25920
language_residualized,31,same_factor_same_language,13.673622131347656,42.29915237426758,5904
language_residualized,31,same_domain_diff_language,15.755767822265625,48.96648025512695,77760
language_residualized,31,same_domain_same_language,14.86138916015625,46.011104583740234,19584
language_residualized,31,different_topic_diff_language,15.750919342041016,51.01950454711914,518400
language_residualized,31,different_topic_same_language,16.02070426940918,51.76585006713867,130560
top1_deflation,31,exact_translation_diff_language,14.6903715133667,75.1593246459961,2400
top1_deflation,31,same_factor_diff_language,15.520479202270508,76.58673858642578,25920
top1_deflation,31,same_factor_same_language,13.457184791564941,41.32727813720703,5904
top1_deflation,31,same_domain_diff_language,15.81270694732666,77.66043853759766,77760
top1_deflation,31,same_domain_same_language,14.650476455688477,45.09137725830078,19584
top1_deflation,31,different_topic_diff_language,15.80817699432373,78.98792266845703,518400
top1_deflation,31,different_topic_same_language,15.825300216674805,50.81835174560547,130560
raw,32,exact_translation_diff_language,14.96362590789795,88.01542663574219,2400
raw,32,same_factor_diff_language,15.628422737121582,89.10520935058594,25920
raw,32,same_factor_same_language,13.307354927062988,31.78913688659668,5904
raw,32,same_domain_diff_language,15.881632804870605,89.63642883300781,77760
raw,32,same_domain_same_language,14.68481731414795,34.826847076416016,19584
raw,32,different_topic_diff_language,15.878748893737793,90.34197998046875,518400
raw,32,different_topic_same_language,15.812424659729004,39.415157318115234,130560
language_residualized,32,exact_translation_diff_language,14.888688087463379,34.24916076660156,2400
language_residualized,32,same_factor_diff_language,15.553641319274902,36.04523468017578,25920
language_residualized,32,same_factor_same_language,13.587385177612305,31.789133071899414,5904
language_residualized,32,same_domain_diff_language,15.81042766571045,37.24628448486328,77760
language_residualized,32,same_domain_same_language,14.950882911682129,34.826847076416016,19584
language_residualized,32,different_topic_diff_language,15.805371284484863,38.794708251953125,518400
language_residualized,32,different_topic_same_language,16.065196990966797,39.415157318115234,130560
top1_deflation,32,exact_translation_diff_language,14.944400787353516,65.83148193359375,2400
top1_deflation,32,same_factor_diff_language,15.609944343566895,66.8530502319336,25920
top1_deflation,32,same_factor_same_language,13.370823860168457,31.437549591064453,5904
top1_deflation,32,same_domain_diff_language,15.86455249786377,67.54669189453125,77760
top1_deflation,32,same_domain_same_language,14.748886108398438,34.474853515625,19584
top1_deflation,32,different_topic_diff_language,15.860566139221191,68.46815490722656,518400
top1_deflation,32,different_topic_same_language,15.874861717224121,39.03420639038086,130560
top2_deflation,0,exact_translation_diff_language,15.488818168640137,0.3377556800842285,2400
top2_deflation,0,same_factor_diff_language,15.656427383422852,0.3417094945907593,25920
top2_deflation,0,same_factor_same_language,12.997279167175293,0.26746341586112976,5904
top2_deflation,0,same_domain_diff_language,15.733674049377441,0.3433646857738495,77760
top2_deflation,0,same_domain_same_language,14.935338973999023,0.2952693700790405,19584
top2_deflation,0,different_topic_diff_language,15.754891395568848,0.345105916261673,518400
top2_deflation,0,different_topic_same_language,15.83192253112793,0.3183712065219879,130560
top2_deflation,1,exact_translation_diff_language,15.567400932312012,9.819106101989746,2400
top2_deflation,1,same_factor_diff_language,15.735934257507324,9.977931022644043,25920
top2_deflation,1,same_factor_same_language,13.313193321228027,7.775628089904785,5904
top2_deflation,1,same_domain_diff_language,15.826560974121094,10.040475845336914,77760
top2_deflation,1,same_domain_same_language,14.943231582641602,8.42758560180664,19584
top2_deflation,1,different_topic_diff_language,15.844182014465332,10.114201545715332,518400
top2_deflation,1,different_topic_same_language,15.869197845458984,9.146206855773926,130560
top2_deflation,2,exact_translation_diff_language,15.584498405456543,12.444377899169922,2400
top2_deflation,2,same_factor_diff_language,15.751616477966309,12.696555137634277,25920
top2_deflation,2,same_factor_same_language,13.31256103515625,9.608158111572266,5904
top2_deflation,2,same_domain_diff_language,15.852622985839844,12.786262512207031,77760
top2_deflation,2,same_domain_same_language,14.921501159667969,10.343740463256836,19584
top2_deflation,2,different_topic_diff_language,15.863463401794434,12.900920867919922,518400
top2_deflation,2,different_topic_same_language,15.846400260925293,11.214190483093262,130560
top2_deflation,3,exact_translation_diff_language,15.547208786010742,13.390289306640625,2400
top2_deflation,3,same_factor_diff_language,15.749834060668945,13.564570426940918,25920
top2_deflation,3,same_factor_same_language,13.274955749511719,10.010106086730957,5904
top2_deflation,3,same_domain_diff_language,15.868703842163086,13.658721923828125,77760
top2_deflation,3,same_domain_same_language,14.900077819824219,10.79982852935791,19584
top2_deflation,3,different_topic_diff_language,15.872875213623047,13.748799324035645,518400
top2_deflation,3,different_topic_same_language,15.855299949645996,11.669255256652832,130560
top2_deflation,4,exact_translation_diff_language,15.42077350616455,14.420198440551758,2400
top2_deflation,4,same_factor_diff_language,15.719425201416016,14.684523582458496,25920
top2_deflation,4,same_factor_same_language,13.266073226928711,11.023031234741211,5904
top2_deflation,4,same_domain_diff_language,15.872047424316406,14.81745433807373,77760
top2_deflation,4,same_domain_same_language,14.909278869628906,11.892694473266602,19584
top2_deflation,4,different_topic_diff_language,15.87697696685791,14.947254180908203,518400
top2_deflation,4,different_topic_same_language,15.87215518951416,12.845946311950684,130560
top2_deflation,5,exact_translation_diff_language,15.243375778198242,15.206321716308594,2400
top2_deflation,5,same_factor_diff_language,15.67621898651123,15.615909576416016,25920
top2_deflation,5,same_factor_same_language,13.333966255187988,11.885783195495605,5904
top2_deflation,5,same_domain_diff_language,15.880280494689941,15.835156440734863,77760
top2_deflation,5,same_domain_same_language,14.913114547729492,12.875357627868652,19584
top2_deflation,5,different_topic_diff_language,15.884676933288574,16.081010818481445,518400
top2_deflation,5,different_topic_same_language,15.886431694030762,14.003711700439453,130560
top2_deflation,6,exact_translation_diff_language,15.050302505493164,16.87401008605957,2400
top2_deflation,6,same_factor_diff_language,15.641243934631348,17.497543334960938,25920
top2_deflation,6,same_factor_same_language,13.4154691696167,13.424552917480469,5904
top2_deflation,6,same_domain_diff_language,15.900403022766113,17.802568435668945,77760
top2_deflation,6,same_domain_same_language,14.943582534790039,14.522591590881348,19584
top2_deflation,6,different_topic_diff_language,15.904233932495117,18.15049934387207,518400
top2_deflation,6,different_topic_same_language,15.906414031982422,15.815896034240723,130560
top2_deflation,7,exact_translation_diff_language,14.889570236206055,17.848161697387695,2400
top2_deflation,7,same_factor_diff_language,15.59189224243164,18.59052848815918,25920
top2_deflation,7,same_factor_same_language,13.439495086669922,14.30759334564209,5904
top2_deflation,7,same_domain_diff_language,15.894298553466797,18.968280792236328,77760
top2_deflation,7,same_domain_same_language,14.941064834594727,15.48290729522705,19584
top2_deflation,7,different_topic_diff_language,15.898508071899414,19.385238647460938,518400
top2_deflation,7,different_topic_same_language,15.908928871154785,16.871450424194336,130560
top2_deflation,8,exact_translation_diff_language,14.77477741241455,18.747743606567383,2400
top2_deflation,8,same_factor_diff_language,15.545660018920898,19.593652725219727,25920
top2_deflation,8,same_factor_same_language,13.482142448425293,14.863971710205078,5904
top2_deflation,8,same_domain_diff_language,15.892435073852539,20.019012451171875,77760
top2_deflation,8,same_domain_same_language,14.95263957977295,16.074996948242188,19584
top2_deflation,8,different_topic_diff_language,15.896586418151855,20.489778518676758,518400
top2_deflation,8,different_topic_same_language,15.91356372833252,17.538095474243164,130560
top2_deflation,9,exact_translation_diff_language,14.64310359954834,19.325803756713867,2400
top2_deflation,9,same_factor_diff_language,15.521791458129883,20.371774673461914,25920
top2_deflation,9,same_factor_same_language,13.548868179321289,15.758069038391113,5904
top2_deflation,9,same_domain_diff_language,15.900979042053223,20.863327026367188,77760
top2_deflation,9,same_domain_same_language,14.964154243469238,16.984315872192383,19584
top2_deflation,9,different_topic_diff_language,15.905754089355469,21.407733917236328,518400
top2_deflation,9,different_topic_same_language,15.922717094421387,18.5321044921875,130560
top2_deflation,10,exact_translation_diff_language,14.499516487121582,19.538166046142578,2400
top2_deflation,10,same_factor_diff_language,15.492083549499512,20.75403594970703,25920
top2_deflation,10,same_factor_same_language,13.604888916015625,16.31317710876465,5904
top2_deflation,10,same_domain_diff_language,15.903337478637695,21.3164119720459,77760
top2_deflation,10,same_domain_same_language,14.9813814163208,17.578855514526367,19584
top2_deflation,10,different_topic_diff_language,15.90939712524414,21.91929054260254,518400
top2_deflation,10,different_topic_same_language,15.928041458129883,19.17608642578125,130560
top2_deflation,11,exact_translation_diff_language,14.384716987609863,20.058704376220703,2400
top2_deflation,11,same_factor_diff_language,15.474404335021973,21.4721622467041,25920
top2_deflation,11,same_factor_same_language,13.661077499389648,17.134798049926758,5904
top2_deflation,11,same_domain_diff_language,15.90971565246582,22.129209518432617,77760
top2_deflation,11,same_domain_same_language,15.010263442993164,18.482236862182617,19584
top2_deflation,11,different_topic_diff_language,15.918210983276367,22.855121612548828,518400
top2_deflation,11,different_topic_same_language,15.940202713012695,20.227962493896484,130560
top2_deflation,12,exact_translation_diff_language,14.355567932128906,20.20578384399414,2400
top2_deflation,12,same_factor_diff_language,15.466979026794434,21.613670349121094,25920
top2_deflation,12,same_factor_same_language,13.652655601501465,17.222640991210938,5904
top2_deflation,12,same_domain_diff_language,15.913032531738281,22.26919937133789,77760
top2_deflation,12,same_domain_same_language,15.023788452148438,18.601564407348633,19584
top2_deflation,12,different_topic_diff_language,15.921101570129395,22.986825942993164,518400
top2_deflation,12,different_topic_same_language,15.939757347106934,20.34595489501953,130560
top2_deflation,13,exact_translation_diff_language,14.289182662963867,20.785295486450195,2400
top2_deflation,13,same_factor_diff_language,15.458348274230957,22.33598518371582,25920
top2_deflation,13,same_factor_same_language,13.643524169921875,18.04650115966797,5904
top2_deflation,13,same_domain_diff_language,15.920783042907715,23.113874435424805,77760
top2_deflation,13,same_domain_same_language,15.042466163635254,19.642189025878906,19584
top2_deflation,13,different_topic_diff_language,15.925515174865723,23.94956398010254,518400
top2_deflation,13,different_topic_same_language,15.943353652954102,21.552785873413086,130560
top2_deflation,14,exact_translation_diff_language,14.27652359008789,22.777299880981445,2400
top2_deflation,14,same_factor_diff_language,15.444449424743652,24.331586837768555,25920
top2_deflation,14,same_factor_same_language,13.637972831726074,18.766429901123047,5904
top2_deflation,14,same_domain_diff_language,15.917097091674805,25.126327514648438,77760
top2_deflation,14,same_domain_same_language,15.042084693908691,20.456350326538086,19584
top2_deflation,14,different_topic_diff_language,15.920557975769043,26.01417350769043,518400
top2_deflation,14,different_topic_same_language,15.940139770507812,22.533876419067383,130560
top2_deflation,15,exact_translation_diff_language,14.282960891723633,23.794885635375977,2400
top2_deflation,15,same_factor_diff_language,15.447219848632812,25.486248016357422,25920
top2_deflation,15,same_factor_same_language,13.634868621826172,19.82087516784668,5904
top2_deflation,15,same_domain_diff_language,15.912400245666504,26.34449577331543,77760
top2_deflation,15,same_domain_same_language,15.04496955871582,21.610511779785156,19584
top2_deflation,15,different_topic_diff_language,15.919882774353027,27.30952262878418,518400
top2_deflation,15,different_topic_same_language,15.944228172302246,23.831871032714844,130560
top2_deflation,16,exact_translation_diff_language,14.274584770202637,24.509727478027344,2400
top2_deflation,16,same_factor_diff_language,15.446184158325195,26.28792953491211,25920
top2_deflation,16,same_factor_same_language,13.627646446228027,20.609878540039062,5904
top2_deflation,16,same_domain_diff_language,15.906542778015137,27.1824951171875,77760
top2_deflation,16,same_domain_same_language,15.035046577453613,22.474782943725586,19584
top2_deflation,16,different_topic_diff_language,15.913311004638672,28.157800674438477,518400
top2_deflation,16,different_topic_same_language,15.942337989807129,24.759843826293945,130560
top2_deflation,17,exact_translation_diff_language,14.252913475036621,26.899581909179688,2400
top2_deflation,17,same_factor_diff_language,15.436638832092285,28.82525634765625,25920
top2_deflation,17,same_factor_same_language,13.624693870544434,21.967548370361328,5904
top2_deflation,17,same_domain_diff_language,15.901623725891113,29.84052848815918,77760
top2_deflation,17,same_domain_same_language,15.029906272888184,24.044626235961914,19584
top2_deflation,17,different_topic_diff_language,15.90705394744873,31.042327880859375,518400
top2_deflation,17,different_topic_same_language,15.94819164276123,26.747224807739258,130560
top2_deflation,18,exact_translation_diff_language,14.24882984161377,28.42937469482422,2400
top2_deflation,18,same_factor_diff_language,15.437644958496094,30.54367446899414,25920
top2_deflation,18,same_factor_same_language,13.619235038757324,23.4822940826416,5904
top2_deflation,18,same_domain_diff_language,15.896625518798828,31.625205993652344,77760
top2_deflation,18,same_domain_same_language,15.017590522766113,25.715532302856445,19584
top2_deflation,18,different_topic_diff_language,15.89859390258789,32.85847473144531,518400
top2_deflation,18,different_topic_same_language,15.94654655456543,28.581771850585938,130560
top2_deflation,19,exact_translation_diff_language,14.289875984191895,30.889394760131836,2400
top2_deflation,19,same_factor_diff_language,15.455309867858887,33.2159423828125,25920
top2_deflation,19,same_factor_same_language,13.624436378479004,25.328359603881836,5904
top2_deflation,19,same_domain_diff_language,15.89620590209961,34.424842834472656,77760
top2_deflation,19,same_domain_same_language,14.99435806274414,27.82798194885254,19584
top2_deflation,19,different_topic_diff_language,15.894838333129883,35.78510665893555,518400
top2_deflation,19,different_topic_same_language,15.951750755310059,31.013092041015625,130560
top2_deflation,20,exact_translation_diff_language,14.340590476989746,33.48954391479492,2400
top2_deflation,20,same_factor_diff_language,15.461620330810547,35.844730377197266,25920
top2_deflation,20,same_factor_same_language,13.60443115234375,26.524696350097656,5904
top2_deflation,20,same_domain_diff_language,15.891325950622559,37.016883850097656,77760
top2_deflation,20,same_domain_same_language,14.968791961669922,29.09955596923828,19584
top2_deflation,20,different_topic_diff_language,15.887127876281738,38.38832473754883,518400
top2_deflation,20,different_topic_same_language,15.950303077697754,32.48215866088867,130560
top2_deflation,21,exact_translation_diff_language,14.34202766418457,35.254756927490234,2400
top2_deflation,21,same_factor_diff_language,15.459676742553711,37.85689926147461,25920
top2_deflation,21,same_factor_same_language,13.603880882263184,28.196767807006836,5904
top2_deflation,21,same_domain_diff_language,15.883368492126465,39.079891204833984,77760
top2_deflation,21,same_domain_same_language,14.944475173950195,30.869548797607422,19584
top2_deflation,21,different_topic_diff_language,15.877820014953613,40.49452209472656,518400
top2_deflation,21,different_topic_same_language,15.948766708374023,34.41692352294922,130560
top2_deflation,22,exact_translation_diff_language,14.38062858581543,39.5747184753418,2400
top2_deflation,22,same_factor_diff_language,15.471171379089355,42.1388053894043,25920
top2_deflation,22,same_factor_same_language,13.609126091003418,30.01659393310547,5904
top2_deflation,22,same_domain_diff_language,15.881684303283691,43.36583709716797,77760
top2_deflation,22,same_domain_same_language,14.931825637817383,32.80211639404297,19584
top2_deflation,22,different_topic_diff_language,15.874412536621094,44.80748748779297,518400
top2_deflation,22,different_topic_same_language,15.945320129394531,36.628173828125,130560
top2_deflation,23,exact_translation_diff_language,14.39517879486084,42.353172302246094,2400
top2_deflation,23,same_factor_diff_language,15.477278709411621,45.18138122558594,25920
top2_deflation,23,same_factor_same_language,13.600339889526367,32.000728607177734,5904
top2_deflation,23,same_domain_diff_language,15.872969627380371,46.49968719482422,77760
top2_deflation,23,same_domain_same_language,14.910054206848145,35.018550872802734,19584
top2_deflation,23,different_topic_diff_language,15.864788055419922,48.10206985473633,518400
top2_deflation,23,different_topic_same_language,15.944807052612305,39.26906967163086,130560
top2_deflation,24,exact_translation_diff_language,14.416812896728516,44.57051086425781,2400
top2_deflation,24,same_factor_diff_language,15.482975006103516,47.58564758300781,25920
top2_deflation,24,same_factor_same_language,13.601780891418457,33.779537200927734,5904
top2_deflation,24,same_domain_diff_language,15.863733291625977,48.97212600708008,77760
top2_deflation,24,same_domain_same_language,14.883166313171387,36.9559326171875,19584
top2_deflation,24,different_topic_diff_language,15.854978561401367,50.66612243652344,518400
top2_deflation,24,different_topic_same_language,15.936014175415039,41.511226654052734,130560
top2_deflation,25,exact_translation_diff_language,14.445164680480957,47.03736877441406,2400
top2_deflation,25,same_factor_diff_language,15.483098983764648,50.170711517333984,25920
top2_deflation,25,same_factor_same_language,13.58686351776123,35.39722442626953,5904
top2_deflation,25,same_domain_diff_language,15.851633071899414,51.58243942260742,77760
top2_deflation,25,same_domain_same_language,14.847018241882324,38.708255767822266,19584
top2_deflation,25,different_topic_diff_language,15.841131210327148,53.32005310058594,518400
top2_deflation,25,different_topic_same_language,15.923786163330078,43.524131774902344,130560
top2_deflation,26,exact_translation_diff_language,14.473108291625977,48.81959915161133,2400
top2_deflation,26,same_factor_diff_language,15.481462478637695,52.036537170410156,25920
top2_deflation,26,same_factor_same_language,13.555295944213867,36.711727142333984,5904
top2_deflation,26,same_domain_diff_language,15.839944839477539,53.447933197021484,77760
top2_deflation,26,same_domain_same_language,14.807854652404785,40.10165023803711,19584
top2_deflation,26,different_topic_diff_language,15.826946258544922,55.18704605102539,518400
top2_deflation,26,different_topic_same_language,15.910882949829102,45.0859375,130560
top2_deflation,27,exact_translation_diff_language,14.50504207611084,50.6115608215332,2400
top2_deflation,27,same_factor_diff_language,15.48728084564209,53.75136184692383,25920
top2_deflation,27,same_factor_same_language,13.532564163208008,37.504608154296875,5904
top2_deflation,27,same_domain_diff_language,15.833775520324707,55.11930465698242,77760
top2_deflation,27,same_domain_same_language,14.777585983276367,40.93946838378906,19584
top2_deflation,27,different_topic_diff_language,15.819070816040039,56.81834411621094,518400
top2_deflation,27,different_topic_same_language,15.901127815246582,46.01986312866211,130560
top2_deflation,28,exact_translation_diff_language,14.539568901062012,52.81721496582031,2400
top2_deflation,28,same_factor_diff_language,15.489285469055176,55.951148986816406,25920
top2_deflation,28,same_factor_same_language,13.521254539489746,38.59937286376953,5904
top2_deflation,28,same_domain_diff_language,15.822982788085938,57.30023193359375,77760
top2_deflation,28,same_domain_same_language,14.759651184082031,42.107120513916016,19584
top2_deflation,28,different_topic_diff_language,15.809232711791992,58.98740005493164,518400
top2_deflation,28,different_topic_same_language,15.891093254089355,47.343082427978516,130560
top2_deflation,29,exact_translation_diff_language,14.573266983032227,55.62898254394531,2400
top2_deflation,29,same_factor_diff_language,15.491955757141113,58.747013092041016,25920
top2_deflation,29,same_factor_same_language,13.511704444885254,39.9199333190918,5904
top2_deflation,29,same_domain_diff_language,15.809995651245117,60.055606842041016,77760
top2_deflation,29,same_domain_same_language,14.724848747253418,43.44917678833008,19584
top2_deflation,29,different_topic_diff_language,15.79653263092041,61.690486907958984,518400
top2_deflation,29,different_topic_same_language,15.875862121582031,48.807613372802734,130560
top2_deflation,30,exact_translation_diff_language,14.628165245056152,57.24528503417969,2400
top2_deflation,30,same_factor_diff_language,15.500781059265137,60.23649597167969,25920
top2_deflation,30,same_factor_same_language,13.49654769897461,40.68520736694336,5904
top2_deflation,30,same_domain_diff_language,15.807076454162598,61.489505767822266,77760
top2_deflation,30,same_domain_same_language,14.70906925201416,44.18891525268555,19584
top2_deflation,30,different_topic_diff_language,15.79394245147705,63.07282638549805,518400
top2_deflation,30,different_topic_same_language,15.873242378234863,49.615447998046875,130560
top2_deflation,31,exact_translation_diff_language,14.669608116149902,64.12001037597656,2400
top2_deflation,31,same_factor_diff_language,15.50311279296875,65.72239685058594,25920
top2_deflation,31,same_factor_same_language,13.521283149719238,40.90574264526367,5904
top2_deflation,31,same_domain_diff_language,15.796802520751953,66.94999694824219,77760
top2_deflation,31,same_domain_same_language,14.716546058654785,44.67862319946289,19584
top2_deflation,31,different_topic_diff_language,15.790909767150879,68.4551010131836,518400
top2_deflation,31,different_topic_same_language,15.887707710266113,50.373779296875,130560
top2_deflation,32,exact_translation_diff_language,14.924530982971191,54.744041442871094,2400
top2_deflation,32,same_factor_diff_language,15.592554092407227,55.58042907714844,25920
top2_deflation,32,same_factor_same_language,13.435774803161621,31.304105758666992,5904
top2_deflation,32,same_domain_diff_language,15.84672737121582,56.43857192993164,77760
top2_deflation,32,same_domain_same_language,14.81452465057373,34.33879470825195,19584
top2_deflation,32,different_topic_diff_language,15.842851638793945,57.561710357666016,518400
top2_deflation,32,different_topic_same_language,15.936014175415039,38.87458419799805,130560
top3_deflation,0,exact_translation_diff_language,15.476715087890625,0.3181595504283905,2400
top3_deflation,0,same_factor_diff_language,15.63834285736084,0.32148560881614685,25920
top3_deflation,0,same_factor_same_language,13.053765296936035,0.26673194766044617,5904
top3_deflation,0,same_domain_diff_language,15.713783264160156,0.3232676088809967,77760
top3_deflation,0,same_domain_same_language,14.99855899810791,0.29457056522369385,19584
top3_deflation,0,different_topic_diff_language,15.736201286315918,0.3251449465751648,518400
top3_deflation,0,different_topic_same_language,15.889503479003906,0.31760352849960327,130560
top3_deflation,1,exact_translation_diff_language,15.545862197875977,9.116266250610352,2400
top3_deflation,1,same_factor_diff_language,15.717462539672852,9.266718864440918,25920
top3_deflation,1,same_factor_same_language,13.371051788330078,7.750458717346191,5904
top3_deflation,1,same_domain_diff_language,15.80801010131836,9.334803581237793,77760
top3_deflation,1,same_domain_same_language,15.008393287658691,8.403761863708496,19584
top3_deflation,1,different_topic_diff_language,15.825902938842773,9.414446830749512,518400
top3_deflation,1,different_topic_same_language,15.929298400878906,9.121251106262207,130560
top3_deflation,2,exact_translation_diff_language,15.571516990661621,11.51712703704834,2400
top3_deflation,2,same_factor_diff_language,15.738101959228516,11.726066589355469,25920
top3_deflation,2,same_factor_same_language,13.363224029541016,9.436859130859375,5904
top3_deflation,2,same_domain_diff_language,15.838558197021484,11.813823699951172,77760
top3_deflation,2,same_domain_same_language,14.976763725280762,10.189351081848145,19584
top3_deflation,2,different_topic_diff_language,15.846607208251953,11.901437759399414,518400
top3_deflation,2,different_topic_same_language,15.89462947845459,11.02846622467041,130560
top3_deflation,3,exact_translation_diff_language,15.528066635131836,12.22567081451416,2400
top3_deflation,3,same_factor_diff_language,15.731773376464844,12.427726745605469,25920
top3_deflation,3,same_factor_same_language,13.331979751586914,9.956846237182617,5904
top3_deflation,3,same_domain_diff_language,15.851784706115723,12.524080276489258,77760
top3_deflation,3,same_domain_same_language,14.963420867919922,10.752169609069824,19584
top3_deflation,3,different_topic_diff_language,15.854951858520508,12.611592292785645,518400
top3_deflation,3,different_topic_same_language,15.91474437713623,11.612630844116211,130560
top3_deflation,4,exact_translation_diff_language,15.40274715423584,13.206335067749023,2400
top3_deflation,4,same_factor_diff_language,15.70202922821045,13.504197120666504,25920
top3_deflation,4,same_factor_same_language,13.327646255493164,10.96642780303955,5904
top3_deflation,4,same_domain_diff_language,15.85506534576416,13.641870498657227,77760
top3_deflation,4,same_domain_same_language,14.973071098327637,11.841682434082031,19584
top3_deflation,4,different_topic_diff_language,15.858986854553223,13.769708633422852,518400
top3_deflation,4,different_topic_same_language,15.930688858032227,12.783452033996582,130560
top3_deflation,5,exact_translation_diff_language,15.227547645568848,13.952104568481445,2400
top3_deflation,5,same_factor_diff_language,15.660599708557129,14.408890724182129,25920
top3_deflation,5,same_factor_same_language,13.393877983093262,11.835460662841797,5904
top3_deflation,5,same_domain_diff_language,15.861274719238281,14.63786506652832,77760
top3_deflation,5,same_domain_same_language,14.975196838378906,12.829703330993652,19584
top3_deflation,5,different_topic_diff_language,15.86526870727539,14.88707447052002,518400
top3_deflation,5,different_topic_same_language,15.94532585144043,13.945294380187988,130560
top3_deflation,6,exact_translation_diff_language,15.029248237609863,15.469160079956055,2400
top3_deflation,6,same_factor_diff_language,15.624042510986328,16.16755485534668,25920
top3_deflation,6,same_factor_same_language,13.468046188354492,13.393948554992676,5904
top3_deflation,6,same_domain_diff_language,15.88176155090332,16.488143920898438,77760
top3_deflation,6,same_domain_same_language,15.008020401000977,14.493830680847168,19584
top3_deflation,6,different_topic_diff_language,15.885787963867188,16.84817886352539,518400
top3_deflation,6,different_topic_same_language,15.968117713928223,15.776741981506348,130560
top3_deflation,7,exact_translation_diff_language,14.867109298706055,16.21504020690918,2400
top3_deflation,7,same_factor_diff_language,15.572823524475098,17.044292449951172,25920
top3_deflation,7,same_factor_same_language,13.492511749267578,14.265928268432617,5904
top3_deflation,7,same_domain_diff_language,15.875107765197754,17.442209243774414,77760
top3_deflation,7,same_domain_same_language,15.006842613220215,15.44424057006836,19584
top3_deflation,7,different_topic_diff_language,15.878358840942383,17.87346839904785,518400
top3_deflation,7,different_topic_same_language,15.969056129455566,16.81742286682129,130560
top3_deflation,8,exact_translation_diff_language,14.746777534484863,16.857707977294922,2400
top3_deflation,8,same_factor_diff_language,15.527867317199707,17.822288513183594,25920
top3_deflation,8,same_factor_same_language,13.540497779846191,14.834089279174805,5904
top3_deflation,8,same_domain_diff_language,15.873844146728516,18.27754020690918,77760
top3_deflation,8,same_domain_same_language,15.016409873962402,16.047117233276367,19584
top3_deflation,8,different_topic_diff_language,15.877272605895996,18.781497955322266,518400
top3_deflation,8,different_topic_same_language,15.976263046264648,17.50418472290039,130560
top3_deflation,9,exact_translation_diff_language,14.615947723388672,17.418418884277344,2400
top3_deflation,9,same_factor_diff_language,15.500361442565918,18.59356117248535,25920
top3_deflation,9,same_factor_same_language,13.60495662689209,15.7225341796875,5904
top3_deflation,9,same_domain_diff_language,15.882957458496094,19.11886215209961,77760
top3_deflation,9,same_domain_same_language,15.029268264770508,16.951148986816406,19584
top3_deflation,9,different_topic_diff_language,15.885615348815918,19.69872283935547,518400
top3_deflation,9,different_topic_same_language,15.98386001586914,18.489543914794922,130560
top3_deflation,10,exact_translation_diff_language,14.469975471496582,17.67575454711914,2400
top3_deflation,10,same_factor_diff_language,15.474596977233887,19.02034568786621,25920
top3_deflation,10,same_factor_same_language,13.66222858428955,16.2674560546875,5904
top3_deflation,10,same_domain_diff_language,15.884650230407715,19.61907196044922,77760
top3_deflation,10,same_domain_same_language,15.045258522033691,17.536270141601562,19584
top3_deflation,10,different_topic_diff_language,15.889985084533691,20.255643844604492,518400
top3_deflation,10,different_topic_same_language,15.989389419555664,19.120223999023438,130560
top3_deflation,11,exact_translation_diff_language,14.351263046264648,18.249828338623047,2400
top3_deflation,11,same_factor_diff_language,15.455187797546387,19.792001724243164,25920
top3_deflation,11,same_factor_same_language,13.723881721496582,17.082237243652344,5904
top3_deflation,11,same_domain_diff_language,15.891541481018066,20.488889694213867,77760
top3_deflation,11,same_domain_same_language,15.073162078857422,18.432621002197266,19584
top3_deflation,11,different_topic_diff_language,15.898459434509277,21.24825096130371,518400
top3_deflation,11,different_topic_same_language,15.999674797058105,20.15862274169922,130560
top3_deflation,12,exact_translation_diff_language,14.328186988830566,18.404294967651367,2400
top3_deflation,12,same_factor_diff_language,15.448959350585938,19.945932388305664,25920
top3_deflation,12,same_factor_same_language,13.712522506713867,17.179954528808594,5904
top3_deflation,12,same_domain_diff_language,15.895249366760254,20.641324996948242,77760
top3_deflation,12,same_domain_same_language,15.087852478027344,18.560407638549805,19584
top3_deflation,12,different_topic_diff_language,15.902013778686523,21.393949508666992,518400
top3_deflation,12,different_topic_same_language,16.00005340576172,20.287761688232422,130560
top3_deflation,13,exact_translation_diff_language,14.263388633728027,19.109222412109375,2400
top3_deflation,13,same_factor_diff_language,15.442005157470703,20.789339065551758,25920
top3_deflation,13,same_factor_same_language,13.706594467163086,18.006776809692383,5904
top3_deflation,13,same_domain_diff_language,15.90450382232666,21.60837745666504,77760
top3_deflation,13,same_domain_same_language,15.108502388000488,19.602481842041016,19584
top3_deflation,13,different_topic_diff_language,15.907703399658203,22.476139068603516,518400
top3_deflation,13,different_topic_same_language,16.003677368164062,21.491397857666016,130560
top3_deflation,14,exact_translation_diff_language,14.248251914978027,20.4821834564209,2400
top3_deflation,14,same_factor_diff_language,15.425890922546387,22.223209381103516,25920
top3_deflation,14,same_factor_same_language,13.70217514038086,18.737565994262695,5904
top3_deflation,14,same_domain_diff_language,15.899588584899902,23.07727813720703,77760
top3_deflation,14,same_domain_same_language,15.105949401855469,20.42816162109375,19584
top3_deflation,14,different_topic_diff_language,15.902191162109375,24.031278610229492,518400
top3_deflation,14,different_topic_same_language,16.002635955810547,22.49984359741211,130560
top3_deflation,15,exact_translation_diff_language,14.25580883026123,21.558603286743164,2400
top3_deflation,15,same_factor_diff_language,15.42854118347168,23.429576873779297,25920
top3_deflation,15,same_factor_same_language,13.695093154907227,19.784801483154297,5904
top3_deflation,15,same_domain_diff_language,15.894624710083008,24.346721649169922,77760
top3_deflation,15,same_domain_same_language,15.105393409729004,21.57579231262207,19584
top3_deflation,15,different_topic_diff_language,15.900609970092773,25.375539779663086,518400
top3_deflation,15,different_topic_same_language,16.006011962890625,23.788185119628906,130560
top3_deflation,16,exact_translation_diff_language,14.248083114624023,22.304609298706055,2400
top3_deflation,16,same_factor_diff_language,15.425522804260254,24.25420570373535,25920
top3_deflation,16,same_factor_same_language,13.686846733093262,20.56512451171875,5904
top3_deflation,16,same_domain_diff_language,15.888625144958496,25.207168579101562,77760
top3_deflation,16,same_domain_same_language,15.098151206970215,22.432621002197266,19584
top3_deflation,16,different_topic_diff_language,15.893594741821289,26.240238189697266,518400
top3_deflation,16,different_topic_same_language,16.003183364868164,24.70626449584961,130560
top3_deflation,17,exact_translation_diff_language,14.222610473632812,24.485761642456055,2400
top3_deflation,17,same_factor_diff_language,15.419350624084473,26.6312313079834,25920
top3_deflation,17,same_factor_same_language,13.690642356872559,21.91988754272461,5904
top3_deflation,17,same_domain_diff_language,15.885080337524414,27.73227882385254,77760
top3_deflation,17,same_domain_same_language,15.09179401397705,24.000280380249023,19584
top3_deflation,17,different_topic_diff_language,15.889181137084961,29.01641845703125,518400
top3_deflation,17,different_topic_same_language,16.009281158447266,26.691598892211914,130560
top3_deflation,18,exact_translation_diff_language,14.238927841186523,26.561786651611328,2400
top3_deflation,18,same_factor_diff_language,15.428235054016113,28.600692749023438,25920
top3_deflation,18,same_factor_same_language,13.669167518615723,23.149648666381836,5904
top3_deflation,18,same_domain_diff_language,15.887360572814941,29.73674774169922,77760
top3_deflation,18,same_domain_same_language,15.072275161743164,25.418296813964844,19584
top3_deflation,18,different_topic_diff_language,15.883932113647461,30.94485855102539,518400
top3_deflation,18,different_topic_same_language,15.99606704711914,28.19338035583496,130560
top3_deflation,19,exact_translation_diff_language,14.29044246673584,28.87393569946289,2400
top3_deflation,19,same_factor_diff_language,15.448676109313965,30.97333335876465,25920
top3_deflation,19,same_factor_same_language,13.667963027954102,24.80370330810547,5904
top3_deflation,19,same_domain_diff_language,15.889070510864258,32.24951171875,77760
top3_deflation,19,same_domain_same_language,15.045557022094727,27.361400604248047,19584
top3_deflation,19,different_topic_diff_language,15.8819580078125,33.558414459228516,518400
top3_deflation,19,different_topic_same_language,15.996779441833496,30.417131423950195,130560
top3_deflation,20,exact_translation_diff_language,14.322174072265625,30.30748748779297,2400
top3_deflation,20,same_factor_diff_language,15.45019245147705,32.73937225341797,25920
top3_deflation,20,same_factor_same_language,13.656898498535156,26.16423797607422,5904
top3_deflation,20,same_domain_diff_language,15.879776000976562,34.01983642578125,77760
top3_deflation,20,same_domain_same_language,15.024388313293457,28.776472091674805,19584
top3_deflation,20,different_topic_diff_language,15.8719482421875,35.41815948486328,518400
top3_deflation,20,different_topic_same_language,16.004253387451172,32.067413330078125,130560
top3_deflation,21,exact_translation_diff_language,14.326091766357422,32.16501998901367,2400
top3_deflation,21,same_factor_diff_language,15.45002555847168,34.705848693847656,25920
top3_deflation,21,same_factor_same_language,13.652005195617676,27.673917770385742,5904
top3_deflation,21,same_domain_diff_language,15.873724937438965,36.02960205078125,77760
top3_deflation,21,same_domain_same_language,14.9955415725708,30.40313148498535,19584
top3_deflation,21,different_topic_diff_language,15.862839698791504,37.433921813964844,518400
top3_deflation,21,different_topic_same_language,15.999184608459473,33.82879638671875,130560
top3_deflation,22,exact_translation_diff_language,14.350650787353516,35.247501373291016,2400
top3_deflation,22,same_factor_diff_language,15.454293251037598,38.18913650512695,25920
top3_deflation,22,same_factor_same_language,13.670144081115723,29.884023666381836,5904
top3_deflation,22,same_domain_diff_language,15.864723205566406,39.55107498168945,77760
top3_deflation,22,same_domain_same_language,14.993595123291016,32.68108367919922,19584
top3_deflation,22,different_topic_diff_language,15.855706214904785,41.11079406738281,518400
top3_deflation,22,different_topic_same_language,16.005653381347656,36.4785041809082,130560
top3_deflation,23,exact_translation_diff_language,14.370768547058105,37.5638313293457,2400
top3_deflation,23,same_factor_diff_language,15.4603910446167,40.6811637878418,25920
top3_deflation,23,same_factor_same_language,13.656502723693848,31.638181686401367,5904
top3_deflation,23,same_domain_diff_language,15.85895824432373,42.152732849121094,77760
top3_deflation,23,same_domain_same_language,14.967500686645508,34.69161605834961,19584
top3_deflation,23,different_topic_diff_language,15.84739875793457,43.84675979614258,518400
top3_deflation,23,different_topic_same_language,16.00113296508789,38.862548828125,130560
top3_deflation,24,exact_translation_diff_language,14.383644104003906,39.33045196533203,2400
top3_deflation,24,same_factor_diff_language,15.464428901672363,42.73326110839844,25920
top3_deflation,24,same_factor_same_language,13.66115951538086,33.46968460083008,5904
top3_deflation,24,same_domain_diff_language,15.847829818725586,44.28813552856445,77760
top3_deflation,24,same_domain_same_language,14.944846153259277,36.67490768432617,19584
top3_deflation,24,different_topic_diff_language,15.836835861206055,46.102508544921875,518400
top3_deflation,24,different_topic_same_language,15.992514610290527,41.16328430175781,130560
top3_deflation,25,exact_translation_diff_language,14.41695785522461,41.4522819519043,2400
top3_deflation,25,same_factor_diff_language,15.466615676879883,45.03273010253906,25920
top3_deflation,25,same_factor_same_language,13.648591041564941,35.10502243041992,5904
top3_deflation,25,same_domain_diff_language,15.835485458374023,46.61955642700195,77760
top3_deflation,25,same_domain_same_language,14.908785820007324,38.44313430786133,19584
top3_deflation,25,different_topic_diff_language,15.823200225830078,48.48570251464844,518400
top3_deflation,25,different_topic_same_language,15.981088638305664,43.19015121459961,130560
top3_deflation,26,exact_translation_diff_language,14.4443998336792,42.92279052734375,2400
top3_deflation,26,same_factor_diff_language,15.464710235595703,46.62255859375,25920
top3_deflation,26,same_factor_same_language,13.620543479919434,36.42127227783203,5904
top3_deflation,26,same_domain_diff_language,15.824141502380371,48.21196746826172,77760
top3_deflation,26,same_domain_same_language,14.871868133544922,39.83766555786133,19584
top3_deflation,26,different_topic_diff_language,15.809593200683594,50.08209228515625,518400
top3_deflation,26,different_topic_same_language,15.970202445983887,44.75089645385742,130560
top3_deflation,27,exact_translation_diff_language,14.475507736206055,44.09284591674805,2400
top3_deflation,27,same_factor_diff_language,15.46966552734375,47.809776306152344,25920
top3_deflation,27,same_factor_same_language,13.597229957580566,37.28764343261719,5904
top3_deflation,27,same_domain_diff_language,15.816514015197754,49.36460876464844,77760
top3_deflation,27,same_domain_same_language,14.843181610107422,40.741455078125,19584
top3_deflation,27,different_topic_diff_language,15.801206588745117,51.22388458251953,518400
top3_deflation,27,different_topic_same_language,15.959799766540527,45.766075134277344,130560
top3_deflation,28,exact_translation_diff_language,14.508639335632324,45.980857849121094,2400
top3_deflation,28,same_factor_diff_language,15.47265625,49.72221374511719,25920
top3_deflation,28,same_factor_same_language,13.590620040893555,38.40302658081055,5904
top3_deflation,28,same_domain_diff_language,15.80732250213623,51.25735855102539,77760
top3_deflation,28,same_domain_same_language,14.825704574584961,41.92679977416992,19584
top3_deflation,28,different_topic_diff_language,15.792633056640625,53.11687088012695,518400
top3_deflation,28,different_topic_same_language,15.951045989990234,47.11597442626953,130560
top3_deflation,29,exact_translation_diff_language,14.546897888183594,48.131248474121094,2400
top3_deflation,29,same_factor_diff_language,15.474185943603516,51.90984344482422,25920
top3_deflation,29,same_factor_same_language,13.575806617736816,39.726585388183594,5904
top3_deflation,29,same_domain_diff_language,15.79274845123291,53.4073371887207,77760
top3_deflation,29,same_domain_same_language,14.78695297241211,43.27175521850586,19584
top3_deflation,29,different_topic_diff_language,15.778298377990723,55.22970199584961,518400
top3_deflation,29,different_topic_same_language,15.935812950134277,48.59151077270508,130560
top3_deflation,30,exact_translation_diff_language,14.59976577758789,49.55618667602539,2400
top3_deflation,30,same_factor_diff_language,15.481412887573242,53.20343780517578,25920
top3_deflation,30,same_factor_same_language,13.564129829406738,40.495155334472656,5904
top3_deflation,30,same_domain_diff_language,15.788496971130371,54.634639739990234,77760
top3_deflation,30,same_domain_same_language,14.77599811553955,44.01404571533203,19584
top3_deflation,30,different_topic_diff_language,15.77499771118164,56.40346908569336,518400
top3_deflation,30,different_topic_same_language,15.93262767791748,49.40690231323242,130560
top3_deflation,31,exact_translation_diff_language,14.628715515136719,52.695556640625,2400
top3_deflation,31,same_factor_diff_language,15.472404479980469,54.92020797729492,25920
top3_deflation,31,same_factor_same_language,13.586155891418457,40.776451110839844,5904
top3_deflation,31,same_domain_diff_language,15.767918586730957,56.321815490722656,77760
top3_deflation,31,same_domain_same_language,14.781281471252441,44.54973602294922,19584
top3_deflation,31,different_topic_diff_language,15.762213706970215,58.043941497802734,518400
top3_deflation,31,different_topic_same_language,15.947912216186523,50.22880172729492,130560
top3_deflation,32,exact_translation_diff_language,14.89282512664795,42.69942855834961,2400
top3_deflation,32,same_factor_diff_language,15.566530227661133,43.83244705200195,25920
top3_deflation,32,same_factor_same_language,13.504356384277344,31.202455520629883,5904
top3_deflation,32,same_domain_diff_language,15.823339462280273,44.84044647216797,77760
top3_deflation,32,same_domain_same_language,14.883134841918945,34.2362060546875,19584
top3_deflation,32,different_topic_diff_language,15.819265365600586,46.16343307495117,518400
top3_deflation,32,different_topic_same_language,15.997471809387207,38.768856048583984,130560
top4_deflation,0,exact_translation_diff_language,15.459449768066406,0.30376118421554565,2400
top4_deflation,0,same_factor_diff_language,15.623403549194336,0.3078397214412689,25920
top4_deflation,0,same_factor_same_language,13.113744735717773,0.26587823033332825,5904
top4_deflation,0,same_domain_diff_language,15.69912052154541,0.30970826745033264,77760
top4_deflation,0,same_domain_same_language,15.059612274169922,0.2937677204608917,19584
top4_deflation,0,different_topic_diff_language,15.721722602844238,0.311688631772995,518400
top4_deflation,0,different_topic_same_language,15.946036338806152,0.3167210519313812,130560
top4_deflation,1,exact_translation_diff_language,15.523476600646973,8.654115676879883,2400
top4_deflation,1,same_factor_diff_language,15.70089340209961,8.8294677734375,25920
top4_deflation,1,same_factor_same_language,13.431822776794434,7.722887992858887,5904
top4_deflation,1,same_domain_diff_language,15.793100357055664,8.901284217834473,77760
top4_deflation,1,same_domain_same_language,15.071772575378418,8.378119468688965,19584
top4_deflation,1,different_topic_diff_language,15.81032657623291,8.985774993896484,518400
top4_deflation,1,different_topic_same_language,15.987896919250488,9.094855308532715,130560
top4_deflation,2,exact_translation_diff_language,15.577249526977539,10.99962329864502,2400
top4_deflation,2,same_factor_diff_language,15.729331970214844,11.095511436462402,25920
top4_deflation,2,same_factor_same_language,13.409849166870117,9.287542343139648,5904
top4_deflation,2,same_domain_diff_language,15.831021308898926,11.18628978729248,77760
top4_deflation,2,same_domain_same_language,15.02916145324707,10.055448532104492,19584
top4_deflation,2,different_topic_diff_language,15.833612442016602,11.242246627807617,518400
top4_deflation,2,different_topic_same_language,15.938725471496582,10.855265617370605,130560
top4_deflation,3,exact_translation_diff_language,15.523762702941895,11.585078239440918,2400
top4_deflation,3,same_factor_diff_language,15.719636917114258,11.7108154296875,25920
top4_deflation,3,same_factor_same_language,13.380242347717285,9.86048698425293,5904
top4_deflation,3,same_domain_diff_language,15.840245246887207,11.812566757202148,77760
top4_deflation,3,same_domain_same_language,15.021204948425293,10.665715217590332,19584
top4_deflation,3,different_topic_diff_language,15.84007453918457,11.883639335632324,518400
top4_deflation,3,different_topic_same_language,15.966573715209961,11.503215789794922,130560
top4_deflation,4,exact_translation_diff_language,15.396320343017578,12.526200294494629,2400
top4_deflation,4,same_factor_diff_language,15.690125465393066,12.75457763671875,25920
top4_deflation,4,same_factor_same_language,13.375672340393066,10.876503944396973,5904
top4_deflation,4,same_domain_diff_language,15.843445777893066,12.900020599365234,77760
top4_deflation,4,same_domain_same_language,15.028668403625488,11.760693550109863,19584
top4_deflation,4,different_topic_diff_language,15.843801498413086,13.014962196350098,518400
top4_deflation,4,different_topic_same_language,15.983593940734863,12.679594993591309,130560
top4_deflation,5,exact_translation_diff_language,15.222177505493164,13.254995346069336,2400
top4_deflation,5,same_factor_diff_language,15.648465156555176,13.64738655090332,25920
top4_deflation,5,same_factor_same_language,13.440347671508789,11.738759994506836,5904
top4_deflation,5,same_domain_diff_language,15.850342750549316,13.888178825378418,77760
top4_deflation,5,same_domain_same_language,15.034051895141602,12.744124412536621,19584
top4_deflation,5,different_topic_diff_language,15.85068130493164,14.12907886505127,518400
top4_deflation,5,different_topic_same_language,15.997641563415527,13.838164329528809,130560
top4_deflation,6,exact_translation_diff_language,15.019355773925781,14.6707124710083,2400
top4_deflation,6,same_factor_diff_language,15.610929489135742,15.308822631835938,25920
top4_deflation,6,same_factor_same_language,13.519765853881836,13.27710247039795,5904
top4_deflation,6,same_domain_diff_language,15.869531631469727,15.645544052124023,77760
top4_deflation,6,same_domain_same_language,15.063346862792969,14.388809204101562,19584
top4_deflation,6,different_topic_diff_language,15.86971664428711,15.992086410522461,518400
top4_deflation,6,different_topic_same_language,16.0183162689209,15.640348434448242,130560
top4_deflation,7,exact_translation_diff_language,14.863616943359375,15.415575981140137,2400
top4_deflation,7,same_factor_diff_language,15.561622619628906,16.190170288085938,25920
top4_deflation,7,same_factor_same_language,13.5429048538208,14.149160385131836,5904
top4_deflation,7,same_domain_diff_language,15.86335563659668,16.60757064819336,77760
top4_deflation,7,same_domain_same_language,15.061798095703125,15.339258193969727,19584
top4_deflation,7,different_topic_diff_language,15.862566947937012,17.02401351928711,518400
top4_deflation,7,different_topic_same_language,16.019304275512695,16.67707633972168,130560
top4_deflation,8,exact_translation_diff_language,14.738679885864258,15.862496376037598,2400
top4_deflation,8,same_factor_diff_language,15.517071723937988,16.769933700561523,25920
top4_deflation,8,same_factor_same_language,13.590195655822754,14.683609962463379,5904
top4_deflation,8,same_domain_diff_language,15.863361358642578,17.251567840576172,77760
top4_deflation,8,same_domain_same_language,15.073137283325195,15.911222457885742,19584
top4_deflation,8,different_topic_diff_language,15.862653732299805,17.738428115844727,518400
top4_deflation,8,different_topic_same_language,16.02615737915039,17.323270797729492,130560
top4_deflation,9,exact_translation_diff_language,14.608020782470703,16.45147705078125,2400
top4_deflation,9,same_factor_diff_language,15.488884925842285,17.586742401123047,25920
top4_deflation,9,same_factor_same_language,13.65975570678711,15.589527130126953,5904
top4_deflation,9,same_domain_diff_language,15.872671127319336,18.139638900756836,77760
top4_deflation,9,same_domain_same_language,15.087897300720215,16.829483032226562,19584
top4_deflation,9,different_topic_diff_language,15.870944023132324,18.698566436767578,518400
top4_deflation,9,different_topic_same_language,16.03399085998535,18.31700325012207,130560
top4_deflation,10,exact_translation_diff_language,14.46459674835205,16.756467819213867,2400
top4_deflation,10,same_factor_diff_language,15.465766906738281,18.064836502075195,25920
top4_deflation,10,same_factor_same_language,13.717342376708984,16.1419620513916,5904
top4_deflation,10,same_domain_diff_language,15.874810218811035,18.692293167114258,77760
top4_deflation,10,same_domain_same_language,15.103053092956543,17.420883178710938,19584
top4_deflation,10,different_topic_diff_language,15.874774932861328,19.29689598083496,518400
top4_deflation,10,different_topic_same_language,16.03818130493164,18.9417667388916,130560
top4_deflation,11,exact_translation_diff_language,14.34310245513916,17.334333419799805,2400
top4_deflation,11,same_factor_diff_language,15.446039199829102,18.857690811157227,25920
top4_deflation,11,same_factor_same_language,13.776731491088867,16.968900680541992,5904
top4_deflation,11,same_domain_diff_language,15.884714126586914,19.58539390563965,77760
top4_deflation,11,same_domain_same_language,15.131861686706543,18.326879501342773,19584
top4_deflation,11,different_topic_diff_language,15.88418197631836,20.30352783203125,518400
top4_deflation,11,different_topic_same_language,16.04833221435547,19.9753360748291,130560
top4_deflation,12,exact_translation_diff_language,14.31521987915039,17.49749183654785,2400
top4_deflation,12,same_factor_diff_language,15.439929008483887,19.03999900817871,25920
top4_deflation,12,same_factor_same_language,13.770148277282715,17.075828552246094,5904
top4_deflation,12,same_domain_diff_language,15.88587474822998,19.764944076538086,77760
top4_deflation,12,same_domain_same_language,15.145705223083496,18.462543487548828,19584
top4_deflation,12,different_topic_diff_language,15.886844635009766,20.48429298400879,518400
top4_deflation,12,different_topic_same_language,16.04976463317871,20.122896194458008,130560
top4_deflation,13,exact_translation_diff_language,14.253033638000488,18.26479148864746,2400
top4_deflation,13,same_factor_diff_language,15.4347562789917,19.950639724731445,25920
top4_deflation,13,same_factor_same_language,13.763221740722656,17.917463302612305,5904
top4_deflation,13,same_domain_diff_language,15.898585319519043,20.797597885131836,77760
top4_deflation,13,same_domain_same_language,15.166318893432617,19.514575958251953,19584
top4_deflation,13,different_topic_diff_language,15.892694473266602,21.609336853027344,518400
top4_deflation,13,different_topic_same_language,16.05108642578125,21.311737060546875,130560
top4_deflation,14,exact_translation_diff_language,14.236302375793457,19.14305305480957,2400
top4_deflation,14,same_factor_diff_language,15.41428279876709,20.87086296081543,25920
top4_deflation,14,same_factor_same_language,13.755544662475586,18.549339294433594,5904
top4_deflation,14,same_domain_diff_language,15.888840675354004,21.774677276611328,77760
top4_deflation,14,same_domain_same_language,15.164036750793457,20.25644302368164,19584
top4_deflation,14,different_topic_diff_language,15.887299537658691,22.721893310546875,518400
top4_deflation,14,different_topic_same_language,16.052021026611328,22.270112991333008,130560
top4_deflation,15,exact_translation_diff_language,14.240556716918945,20.15114974975586,2400
top4_deflation,15,same_factor_diff_language,15.416332244873047,22.066688537597656,25920
top4_deflation,15,same_factor_same_language,13.747148513793945,19.638690948486328,5904
top4_deflation,15,same_domain_diff_language,15.884865760803223,23.035497665405273,77760
top4_deflation,15,same_domain_same_language,15.164474487304688,21.439800262451172,19584
top4_deflation,15,different_topic_diff_language,15.885998725891113,24.05733871459961,518400
top4_deflation,15,different_topic_same_language,16.05824089050293,23.58960723876953,130560
top4_deflation,16,exact_translation_diff_language,14.235955238342285,20.94035530090332,2400
top4_deflation,16,same_factor_diff_language,15.415639877319336,22.910465240478516,25920
top4_deflation,16,same_factor_same_language,13.736634254455566,20.40688705444336,5904
top4_deflation,16,same_domain_diff_language,15.878843307495117,23.913375854492188,77760
top4_deflation,16,same_domain_same_language,15.153839111328125,22.28653907775879,19584
top4_deflation,16,different_topic_diff_language,15.879115104675293,24.938800811767578,518400
top4_deflation,16,different_topic_same_language,16.055025100708008,24.501312255859375,130560
top4_deflation,17,exact_translation_diff_language,14.208864212036133,22.370328903198242,2400
top4_deflation,17,same_factor_diff_language,15.408021926879883,24.549474716186523,25920
top4_deflation,17,same_factor_same_language,13.744577407836914,21.667987823486328,5904
top4_deflation,17,same_domain_diff_language,15.872995376586914,25.71700668334961,77760
top4_deflation,17,same_domain_same_language,15.148083686828613,23.771568298339844,19584
top4_deflation,17,different_topic_diff_language,15.872825622558594,27.001163482666016,518400
top4_deflation,17,different_topic_same_language,16.06076431274414,26.382631301879883,130560
top4_deflation,18,exact_translation_diff_language,14.209394454956055,24.061864852905273,2400
top4_deflation,18,same_factor_diff_language,15.410533905029297,26.336929321289062,25920
top4_deflation,18,same_factor_same_language,13.731093406677246,23.116025924682617,5904
top4_deflation,18,same_domain_diff_language,15.869945526123047,27.5639591217041,77760
top4_deflation,18,same_domain_same_language,15.134114265441895,25.386850357055664,19584
top4_deflation,18,different_topic_diff_language,15.865290641784668,28.858863830566406,518400
top4_deflation,18,different_topic_same_language,16.05785369873047,28.155075073242188,130560
top4_deflation,19,exact_translation_diff_language,14.259041786193848,26.121767044067383,2400
top4_deflation,19,same_factor_diff_language,15.428373336791992,28.470949172973633,25920
top4_deflation,19,same_factor_same_language,13.72947883605957,24.769716262817383,5904
top4_deflation,19,same_domain_diff_language,15.870232582092285,29.843347549438477,77760
top4_deflation,19,same_domain_same_language,15.10720443725586,27.32942771911621,19584
top4_deflation,19,different_topic_diff_language,15.861945152282715,31.24807357788086,518400
top4_deflation,19,different_topic_same_language,16.05838394165039,30.38035011291504,130560
top4_deflation,20,exact_translation_diff_language,14.304445266723633,27.852943420410156,2400
top4_deflation,20,same_factor_diff_language,15.43612289428711,30.235572814941406,25920
top4_deflation,20,same_factor_same_language,13.708913803100586,25.8249568939209,5904
top4_deflation,20,same_domain_diff_language,15.866050720214844,31.59601402282715,77760
top4_deflation,20,same_domain_same_language,15.079599380493164,28.476613998413086,19584
top4_deflation,20,different_topic_diff_language,15.854973793029785,33.02310562133789,518400
top4_deflation,20,different_topic_same_language,16.055870056152344,31.709421157836914,130560
top4_deflation,21,exact_translation_diff_language,14.317956924438477,29.552350997924805,2400
top4_deflation,21,same_factor_diff_language,15.438423156738281,32.00966262817383,25920
top4_deflation,21,same_factor_same_language,13.703786849975586,27.26369285583496,5904
top4_deflation,21,same_domain_diff_language,15.860085487365723,33.42430114746094,77760
top4_deflation,21,same_domain_same_language,15.052741050720215,30.042219161987305,19584
top4_deflation,21,different_topic_diff_language,15.847225189208984,34.86599349975586,518400
top4_deflation,21,different_topic_same_language,16.05030059814453,33.41522216796875,130560
top4_deflation,22,exact_translation_diff_language,14.3269624710083,31.31729507446289,2400
top4_deflation,22,same_factor_diff_language,15.43726634979248,34.30001449584961,25920
top4_deflation,22,same_factor_same_language,13.722870826721191,29.362098693847656,5904
top4_deflation,22,same_domain_diff_language,15.848326683044434,35.76456832885742,77760
top4_deflation,22,same_domain_same_language,15.047391891479492,32.214900970458984,19584
top4_deflation,22,different_topic_diff_language,15.835845947265625,37.3488655090332,518400
top4_deflation,22,different_topic_same_language,16.0565185546875,35.9122428894043,130560
top4_deflation,23,exact_translation_diff_language,14.354215621948242,33.45827865600586,2400
top4_deflation,23,same_factor_diff_language,15.44378662109375,36.633853912353516,25920
top4_deflation,23,same_factor_same_language,13.711463928222656,31.129314422607422,5904
top4_deflation,23,same_domain_diff_language,15.841578483581543,38.209712982177734,77760
top4_deflation,23,same_domain_same_language,15.024734497070312,34.23713302612305,19584
top4_deflation,23,different_topic_diff_language,15.827326774597168,39.93029022216797,518400
top4_deflation,23,different_topic_same_language,16.05238914489746,38.303688049316406,130560
top4_deflation,24,exact_translation_diff_language,14.36258316040039,35.298973083496094,2400
top4_deflation,24,same_factor_diff_language,15.446602821350098,38.66816329956055,25920
top4_deflation,24,same_factor_same_language,13.715020179748535,32.837799072265625,5904
top4_deflation,24,same_domain_diff_language,15.8320894241333,40.320098876953125,77760
top4_deflation,24,same_domain_same_language,14.998893737792969,36.111061096191406,19584
top4_deflation,24,different_topic_diff_language,15.81677532196045,42.12112808227539,518400
top4_deflation,24,different_topic_same_language,16.041683197021484,40.466041564941406,130560
top4_deflation,25,exact_translation_diff_language,14.392075538635254,36.8474006652832,2400
top4_deflation,25,same_factor_diff_language,15.44543170928955,40.55375671386719,25920
top4_deflation,25,same_factor_same_language,13.7072114944458,34.6051025390625,5904
top4_deflation,25,same_domain_diff_language,15.815402030944824,42.250614166259766,77760
top4_deflation,25,same_domain_same_language,14.965839385986328,37.995018005371094,19584
top4_deflation,25,different_topic_diff_language,15.800554275512695,44.15013885498047,518400
top4_deflation,25,different_topic_same_language,16.032033920288086,42.637969970703125,130560
top4_deflation,26,exact_translation_diff_language,14.417243003845215,38.15323257446289,2400
top4_deflation,26,same_factor_diff_language,15.443187713623047,42.042152404785156,25920
top4_deflation,26,same_factor_same_language,13.683575630187988,35.991573333740234,5904
top4_deflation,26,same_domain_diff_language,15.802155494689941,43.743343353271484,77760
top4_deflation,26,same_domain_same_language,14.928717613220215,39.451507568359375,19584
top4_deflation,26,different_topic_diff_language,15.786002159118652,45.66952133178711,518400
top4_deflation,26,different_topic_same_language,16.022785186767578,44.27970886230469,130560
top4_deflation,27,exact_translation_diff_language,14.446142196655273,38.7697639465332,2400
top4_deflation,27,same_factor_diff_language,15.4448881149292,42.88949966430664,25920
top4_deflation,27,same_factor_same_language,13.659170150756836,37.102027893066406,5904
top4_deflation,27,same_domain_diff_language,15.792122840881348,44.57451629638672,77760
top4_deflation,27,same_domain_same_language,14.905564308166504,40.57147979736328,19584
top4_deflation,27,different_topic_diff_language,15.775650978088379,46.56686782836914,518400
top4_deflation,27,different_topic_same_language,16.01819610595703,45.56239700317383,130560
top4_deflation,28,exact_translation_diff_language,14.473196983337402,39.89936828613281,2400
top4_deflation,28,same_factor_diff_language,15.444228172302246,44.146751403808594,25920
top4_deflation,28,same_factor_same_language,13.656052589416504,38.300235748291016,5904
top4_deflation,28,same_domain_diff_language,15.780879974365234,45.831729888916016,77760
top4_deflation,28,same_domain_same_language,14.887913703918457,41.829402923583984,19584
top4_deflation,28,different_topic_diff_language,15.765605926513672,47.86809158325195,518400
top4_deflation,28,different_topic_same_language,16.009658813476562,47.00400924682617,130560
top4_deflation,29,exact_translation_diff_language,14.508378982543945,41.43794631958008,2400
top4_deflation,29,same_factor_diff_language,15.448332786560059,45.709197998046875,25920
top4_deflation,29,same_factor_same_language,13.643062591552734,39.64537811279297,5904
top4_deflation,29,same_domain_diff_language,15.76807689666748,47.3694953918457,77760
top4_deflation,29,same_domain_same_language,14.851842880249023,43.191551208496094,19584
top4_deflation,29,different_topic_diff_language,15.753302574157715,49.387596130371094,518400
top4_deflation,29,different_topic_same_language,15.996428489685059,48.50543975830078,130560
top4_deflation,30,exact_translation_diff_language,14.563912391662598,42.20118713378906,2400
top4_deflation,30,same_factor_diff_language,15.45573616027832,46.41146469116211,25920
top4_deflation,30,same_factor_same_language,13.627598762512207,40.41182327270508,5904
top4_deflation,30,same_domain_diff_language,15.762726783752441,48.009239196777344,77760
top4_deflation,30,same_domain_same_language,14.842830657958984,43.93221664428711,19584
top4_deflation,30,different_topic_diff_language,15.749277114868164,49.97846603393555,518400
top4_deflation,30,different_topic_same_language,15.992481231689453,49.31529235839844,130560
top4_deflation,31,exact_translation_diff_language,14.603930473327637,42.6881217956543,2400
top4_deflation,31,same_factor_diff_language,15.455045700073242,45.67523956298828,25920
top4_deflation,31,same_factor_same_language,13.65511417388916,40.59791564941406,5904
top4_deflation,31,same_domain_diff_language,15.749467849731445,47.33401870727539,77760
top4_deflation,31,same_domain_same_language,14.848215103149414,44.38764190673828,19584
top4_deflation,31,different_topic_diff_language,15.74436092376709,49.33942794799805,518400
top4_deflation,31,different_topic_same_language,16.00665855407715,50.04179763793945,130560
top4_deflation,32,exact_translation_diff_language,14.866453170776367,33.4669189453125,2400
top4_deflation,32,same_factor_diff_language,15.549589157104492,35.2625846862793,25920
top4_deflation,32,same_factor_same_language,13.568976402282715,31.10612678527832,5904
top4_deflation,32,same_domain_diff_language,15.80648136138916,36.47856903076172,77760
top4_deflation,32,same_domain_same_language,14.950268745422363,34.146514892578125,19584
top4_deflation,32,different_topic_diff_language,15.801918029785156,38.0598258972168,518400
top4_deflation,32,different_topic_same_language,16.060060501098633,38.66606521606445,130560
top5_deflation,0,exact_translation_diff_language,15.491119384765625,0.30160537362098694,2400
top5_deflation,0,same_factor_diff_language,15.642319679260254,0.3049015998840332,25920
top5_deflation,0,same_factor_same_language,13.146573066711426,0.2637973725795746,5904
top5_deflation,0,same_domain_diff_language,15.71800422668457,0.3067529499530792,77760
top5_deflation,0,same_domain_same_language,15.099026679992676,0.29191720485687256,19584
top5_deflation,0,different_topic_diff_language,15.719414710998535,0.3073054254055023,518400
top5_deflation,0,different_topic_same_language,15.93909740447998,0.312124103307724,130560
top5_deflation,1,exact_translation_diff_language,15.56392765045166,8.572592735290527,2400
top5_deflation,1,same_factor_diff_language,15.715739250183105,8.668601989746094,25920
top5_deflation,1,same_factor_same_language,13.448467254638672,7.566049098968506,5904
top5_deflation,1,same_domain_diff_language,15.806743621826172,8.737685203552246,77760
top5_deflation,1,same_domain_same_language,15.09564208984375,8.235203742980957,19584
top5_deflation,1,different_topic_diff_language,15.807552337646484,8.772948265075684,518400
top5_deflation,1,different_topic_same_language,15.987801551818848,8.893141746520996,130560
top5_deflation,2,exact_translation_diff_language,15.557177543640137,10.412911415100098,2400
top5_deflation,2,same_factor_diff_language,15.714493751525879,10.527921676635742,25920
top5_deflation,2,same_factor_same_language,13.464284896850586,9.251142501831055,5904
top5_deflation,2,same_domain_diff_language,15.81614875793457,10.624795913696289,77760
top5_deflation,2,same_domain_same_language,15.092138290405273,10.022941589355469,19584
top5_deflation,2,different_topic_diff_language,15.8184232711792,10.683897018432617,518400
top5_deflation,2,different_topic_same_language,15.996735572814941,10.821375846862793,130560
top5_deflation,3,exact_translation_diff_language,15.503323554992676,10.97381591796875,2400
top5_deflation,3,same_factor_diff_language,15.70268726348877,11.126112937927246,25920
top5_deflation,3,same_factor_same_language,13.438870429992676,9.83506965637207,5904
top5_deflation,3,same_domain_diff_language,15.824779510498047,11.234807014465332,77760
top5_deflation,3,same_domain_same_language,15.083894729614258,10.642431259155273,19584
top5_deflation,3,different_topic_diff_language,15.824517250061035,11.311675071716309,518400
top5_deflation,3,different_topic_same_language,16.026302337646484,11.478032112121582,130560
top5_deflation,4,exact_translation_diff_language,15.371354103088379,11.938043594360352,2400
top5_deflation,4,same_factor_diff_language,15.673272132873535,12.197569847106934,25920
top5_deflation,4,same_factor_same_language,13.436417579650879,10.853413581848145,5904
top5_deflation,4,same_domain_diff_language,15.826762199401855,12.351197242736816,77760
top5_deflation,4,same_domain_same_language,15.09255313873291,11.73934268951416,19584
top5_deflation,4,different_topic_diff_language,15.827338218688965,12.473238945007324,518400
top5_deflation,4,different_topic_same_language,16.0419979095459,12.656708717346191,130560
top5_deflation,5,exact_translation_diff_language,15.201064109802246,12.683012962341309,2400
top5_deflation,5,same_factor_diff_language,15.632991790771484,13.108955383300781,25920
top5_deflation,5,same_factor_same_language,13.504606246948242,11.71574592590332,5904
top5_deflation,5,same_domain_diff_language,15.836231231689453,13.361903190612793,77760
top5_deflation,5,same_domain_same_language,15.098379135131836,12.72226333618164,19584
top5_deflation,5,different_topic_diff_language,15.836323738098145,13.614640235900879,518400
top5_deflation,5,different_topic_same_language,16.056556701660156,13.814675331115723,130560
top5_deflation,6,exact_translation_diff_language,14.9968843460083,14.010703086853027,2400
top5_deflation,6,same_factor_diff_language,15.592911720275879,14.678969383239746,25920
top5_deflation,6,same_factor_same_language,13.574299812316895,13.251791954040527,5904
top5_deflation,6,same_domain_diff_language,15.855876922607422,15.03455638885498,77760
top5_deflation,6,same_domain_same_language,15.127493858337402,14.364570617675781,19584
top5_deflation,6,different_topic_diff_language,15.855219841003418,15.396142959594727,518400
top5_deflation,6,different_topic_same_language,16.076414108276367,15.610245704650879,130560
top5_deflation,7,exact_translation_diff_language,14.845355033874512,14.742267608642578,2400
top5_deflation,7,same_factor_diff_language,15.545662879943848,15.546313285827637,25920
top5_deflation,7,same_factor_same_language,13.601911544799805,14.120606422424316,5904
top5_deflation,7,same_domain_diff_language,15.849742889404297,15.986703872680664,77760
top5_deflation,7,same_domain_same_language,15.122702598571777,15.312338829040527,19584
top5_deflation,7,different_topic_diff_language,15.847299575805664,16.41663932800293,518400
top5_deflation,7,different_topic_same_language,16.075414657592773,16.6379451751709,130560
top5_deflation,8,exact_translation_diff_language,14.723284721374512,15.097441673278809,2400
top5_deflation,8,same_factor_diff_language,15.504744529724121,16.032352447509766,25920
top5_deflation,8,same_factor_same_language,13.649923324584961,14.648126602172852,5904
top5_deflation,8,same_domain_diff_language,15.8496675491333,16.542659759521484,77760
top5_deflation,8,same_domain_same_language,15.133888244628906,15.87808609008789,19584
top5_deflation,8,different_topic_diff_language,15.84819507598877,17.045385360717773,518400
top5_deflation,8,different_topic_same_language,16.082956314086914,17.27628517150879,130560
top5_deflation,9,exact_translation_diff_language,14.589085578918457,15.70445442199707,2400
top5_deflation,9,same_factor_diff_language,15.475975036621094,16.87407112121582,25920
top5_deflation,9,same_factor_same_language,13.718541145324707,15.553474426269531,5904
top5_deflation,9,same_domain_diff_language,15.858802795410156,17.45661735534668,77760
top5_deflation,9,same_domain_same_language,15.148515701293945,16.795625686645508,19584
top5_deflation,9,different_topic_diff_language,15.855960845947266,18.032670974731445,518400
top5_deflation,9,different_topic_same_language,16.091121673583984,18.270830154418945,130560
top5_deflation,10,exact_translation_diff_language,14.448101043701172,16.023990631103516,2400
top5_deflation,10,same_factor_diff_language,15.450509071350098,17.381591796875,25920
top5_deflation,10,same_factor_same_language,13.768324851989746,16.108963012695312,5904
top5_deflation,10,same_domain_diff_language,15.861067771911621,18.03972625732422,77760
top5_deflation,10,same_domain_same_language,15.167131423950195,17.38934898376465,19584
top5_deflation,10,different_topic_diff_language,15.859529495239258,18.661075592041016,518400
top5_deflation,10,different_topic_same_language,16.09593391418457,18.898075103759766,130560
top5_deflation,11,exact_translation_diff_language,14.325450897216797,16.645767211914062,2400
top5_deflation,11,same_factor_diff_language,15.432014465332031,18.197816848754883,25920
top5_deflation,11,same_factor_same_language,13.830954551696777,16.908105850219727,5904
top5_deflation,11,same_domain_diff_language,15.87159538269043,18.954898834228516,77760
top5_deflation,11,same_domain_same_language,15.187710762023926,18.26995277404785,19584
top5_deflation,11,different_topic_diff_language,15.869718551635742,19.69576072692871,518400
top5_deflation,11,different_topic_same_language,16.10404396057129,19.91583251953125,130560
top5_deflation,12,exact_translation_diff_language,14.295610427856445,16.7403621673584,2400
top5_deflation,12,same_factor_diff_language,15.42470932006836,18.326740264892578,25920
top5_deflation,12,same_factor_same_language,13.822347640991211,17.029787063598633,5904
top5_deflation,12,same_domain_diff_language,15.872207641601562,19.08540916442871,77760
top5_deflation,12,same_domain_same_language,15.202376365661621,18.420284271240234,19584
top5_deflation,12,different_topic_diff_language,15.87139892578125,19.829051971435547,518400
top5_deflation,12,different_topic_same_language,16.106626510620117,20.075271606445312,130560
top5_deflation,13,exact_translation_diff_language,14.307292938232422,18.161603927612305,2400
top5_deflation,13,same_factor_diff_language,15.470703125,19.68822479248047,25920
top5_deflation,13,same_factor_same_language,13.792976379394531,17.68637466430664,5904
top5_deflation,13,same_domain_diff_language,15.927221298217773,20.511445999145508,77760
top5_deflation,13,same_domain_same_language,15.20224380493164,19.284801483154297,19584
top5_deflation,13,different_topic_diff_language,15.887027740478516,21.06442642211914,518400
top5_deflation,13,different_topic_same_language,16.049657821655273,20.785045623779297,130560
top5_deflation,14,exact_translation_diff_language,14.224185943603516,18.231168746948242,2400
top5_deflation,14,same_factor_diff_language,15.402458190917969,19.981416702270508,25920
top5_deflation,14,same_factor_same_language,13.807500839233398,18.478965759277344,5904
top5_deflation,14,same_domain_diff_language,15.877147674560547,20.932355880737305,77760
top5_deflation,14,same_domain_same_language,15.224313735961914,20.1933536529541,19584
top5_deflation,14,different_topic_diff_language,15.873414993286133,21.89874839782715,518400
top5_deflation,14,different_topic_same_language,16.1065673828125,22.182554244995117,130560
top5_deflation,15,exact_translation_diff_language,14.227060317993164,19.211172103881836,2400
top5_deflation,15,same_factor_diff_language,15.404400825500488,21.107301712036133,25920
top5_deflation,15,same_factor_same_language,13.797868728637695,19.537527084350586,5904
top5_deflation,15,same_domain_diff_language,15.873555183410645,22.125925064086914,77760
top5_deflation,15,same_domain_same_language,15.220548629760742,21.351099014282227,19584
top5_deflation,15,different_topic_diff_language,15.872267723083496,23.169239044189453,518400
top5_deflation,15,different_topic_same_language,16.111242294311523,23.477378845214844,130560
top5_deflation,16,exact_translation_diff_language,14.222805976867676,20.01263427734375,2400
top5_deflation,16,same_factor_diff_language,15.403059959411621,21.97349739074707,25920
top5_deflation,16,same_factor_same_language,13.788962364196777,20.306161880493164,5904
top5_deflation,16,same_domain_diff_language,15.866500854492188,23.024852752685547,77760
top5_deflation,16,same_domain_same_language,15.212424278259277,22.198091506958008,19584
top5_deflation,16,different_topic_diff_language,15.865453720092773,24.081632614135742,518400
top5_deflation,16,different_topic_same_language,16.109106063842773,24.40342903137207,130560
top5_deflation,17,exact_translation_diff_language,14.202075004577637,21.200429916381836,2400
top5_deflation,17,same_factor_diff_language,15.398200988769531,23.317548751831055,25920
top5_deflation,17,same_factor_same_language,13.795819282531738,21.526676177978516,5904
top5_deflation,17,same_domain_diff_language,15.863982200622559,24.550500869750977,77760
top5_deflation,17,same_domain_same_language,15.205947875976562,23.647470474243164,19584
top5_deflation,17,different_topic_diff_language,15.859997749328613,25.851181030273438,518400
top5_deflation,17,different_topic_same_language,16.112943649291992,26.214616775512695,130560
top5_deflation,18,exact_translation_diff_language,14.20068645477295,22.72978401184082,2400
top5_deflation,18,same_factor_diff_language,15.396278381347656,24.976673126220703,25920
top5_deflation,18,same_factor_same_language,13.783995628356934,22.981351852416992,5904
top5_deflation,18,same_domain_diff_language,15.858074188232422,26.274768829345703,77760
top5_deflation,18,same_domain_same_language,15.19424057006836,25.2683048248291,19584
top5_deflation,18,different_topic_diff_language,15.851597785949707,27.62105369567871,518400
top5_deflation,18,different_topic_same_language,16.11265754699707,28.026872634887695,130560
top5_deflation,19,exact_translation_diff_language,14.244560241699219,24.53079605102539,2400
top5_deflation,19,same_factor_diff_language,15.412281036376953,26.904010772705078,25920
top5_deflation,19,same_factor_same_language,13.7840576171875,24.65566062927246,5904
top5_deflation,19,same_domain_diff_language,15.856762886047363,28.359439849853516,77760
top5_deflation,19,same_domain_same_language,15.168298721313477,27.227928161621094,19584
top5_deflation,19,different_topic_diff_language,15.846899032592773,29.83255958557129,518400
top5_deflation,19,different_topic_same_language,16.115032196044922,30.2759952545166,130560
top5_deflation,20,exact_translation_diff_language,14.288382530212402,25.734254837036133,2400
top5_deflation,20,same_factor_diff_language,15.420601844787598,28.1348934173584,25920
top5_deflation,20,same_factor_same_language,13.761438369750977,25.696672439575195,5904
top5_deflation,20,same_domain_diff_language,15.852192878723145,29.593753814697266,77760
top5_deflation,20,same_domain_same_language,15.142531394958496,28.361663818359375,19584
top5_deflation,20,different_topic_diff_language,15.839266777038574,31.099946975708008,518400
top5_deflation,20,different_topic_same_language,16.11318588256836,31.5808048248291,130560
top5_deflation,21,exact_translation_diff_language,14.294242858886719,27.236055374145508,2400
top5_deflation,21,same_factor_diff_language,15.421244621276855,29.768770217895508,25920
top5_deflation,21,same_factor_same_language,13.759659767150879,27.16631507873535,5904
top5_deflation,21,same_domain_diff_language,15.843164443969727,31.283706665039062,77760
top5_deflation,21,same_domain_same_language,15.11540699005127,29.954238891601562,19584
top5_deflation,21,different_topic_diff_language,15.829412460327148,32.814083099365234,518400
top5_deflation,21,different_topic_same_language,16.108781814575195,33.32041931152344,130560
top5_deflation,22,exact_translation_diff_language,14.323779106140137,29.022216796875,2400
top5_deflation,22,same_factor_diff_language,15.42784309387207,31.714214324951172,25920
top5_deflation,22,same_factor_same_language,13.773313522338867,28.920501708984375,5904
top5_deflation,22,same_domain_diff_language,15.840578079223633,33.291629791259766,77760
top5_deflation,22,same_domain_same_language,15.10194206237793,31.82508659362793,19584
top5_deflation,22,different_topic_diff_language,15.824460983276367,34.910823822021484,518400
top5_deflation,22,different_topic_same_language,16.1058406829834,35.455440521240234,130560
top5_deflation,23,exact_translation_diff_language,14.35346508026123,30.876880645751953,2400
top5_deflation,23,same_factor_diff_language,15.434430122375488,33.65452194213867,25920
top5_deflation,23,same_factor_same_language,13.761091232299805,30.538368225097656,5904
top5_deflation,23,same_domain_diff_language,15.834390640258789,35.357887268066406,77760
top5_deflation,23,same_domain_same_language,15.075010299682617,33.715354919433594,19584
top5_deflation,23,different_topic_diff_language,15.81591510772705,37.11316680908203,518400
top5_deflation,23,different_topic_same_language,16.100128173828125,37.701725006103516,130560
top5_deflation,24,exact_translation_diff_language,14.365310668945312,32.65715026855469,2400
top5_deflation,24,same_factor_diff_language,15.438336372375488,35.54275131225586,25920
top5_deflation,24,same_factor_same_language,13.761991500854492,32.14570236206055,5904
top5_deflation,24,same_domain_diff_language,15.82465934753418,37.32088851928711,77760
top5_deflation,24,same_domain_same_language,15.049702644348145,35.498714447021484,19584
top5_deflation,24,different_topic_diff_language,15.80546760559082,39.137054443359375,518400
top5_deflation,24,different_topic_same_language,16.08692741394043,39.75377655029297,130560
top5_deflation,25,exact_translation_diff_language,14.395284652709961,34.34123611450195,2400
top5_deflation,25,same_factor_diff_language,15.440217971801758,37.28121566772461,25920
top5_deflation,25,same_factor_same_language,13.754981994628906,33.59103012084961,5904
top5_deflation,25,same_domain_diff_language,15.811965942382812,39.092342376708984,77760
top5_deflation,25,same_domain_same_language,15.013164520263672,37.093387603759766,19584
top5_deflation,25,different_topic_diff_language,15.79184627532959,40.92847442626953,518400
top5_deflation,25,different_topic_same_language,16.072341918945312,41.57075881958008,130560
top5_deflation,26,exact_translation_diff_language,14.43277359008789,35.767234802246094,2400
top5_deflation,26,same_factor_diff_language,15.44094467163086,38.71735763549805,25920
top5_deflation,26,same_factor_same_language,13.724640846252441,34.77401351928711,5904
top5_deflation,26,same_domain_diff_language,15.800007820129395,40.52015686035156,77760
top5_deflation,26,same_domain_same_language,14.974138259887695,38.364295959472656,19584
top5_deflation,26,different_topic_diff_language,15.77789306640625,42.32301712036133,518400
top5_deflation,26,different_topic_same_language,16.05893325805664,42.981136322021484,130560
top5_deflation,27,exact_translation_diff_language,14.469000816345215,36.79572296142578,2400
top5_deflation,27,same_factor_diff_language,15.446250915527344,39.66014862060547,25920
top5_deflation,27,same_factor_same_language,13.689384460449219,35.505393981933594,5904
top5_deflation,27,same_domain_diff_language,15.79614543914795,41.41752243041992,77760
top5_deflation,27,same_domain_same_language,14.946606636047363,39.1422004699707,19584
top5_deflation,27,different_topic_diff_language,15.77100944519043,43.17338943481445,518400
top5_deflation,27,different_topic_same_language,16.0489501953125,43.8430061340332,130560
top5_deflation,28,exact_translation_diff_language,14.50216007232666,38.01088333129883,2400
top5_deflation,28,same_factor_diff_language,15.448904037475586,40.8437385559082,25920
top5_deflation,28,same_factor_same_language,13.68014144897461,36.454654693603516,5904
top5_deflation,28,same_domain_diff_language,15.784807205200195,42.585933685302734,77760
top5_deflation,28,same_domain_same_language,14.92654037475586,40.17433166503906,19584
top5_deflation,28,different_topic_diff_language,15.760665893554688,44.33092498779297,518400
top5_deflation,28,different_topic_same_language,16.035587310791016,45.023372650146484,130560
top5_deflation,29,exact_translation_diff_language,14.542070388793945,39.41934585571289,2400
top5_deflation,29,same_factor_diff_language,15.453293800354004,42.225955963134766,25920
top5_deflation,29,same_factor_same_language,13.669198036193848,37.626136779785156,5904
top5_deflation,29,same_domain_diff_language,15.772665977478027,43.92974090576172,77760
top5_deflation,29,same_domain_same_language,14.89064884185791,41.375160217285156,19584
top5_deflation,29,different_topic_diff_language,15.748544692993164,45.61389923095703,518400
top5_deflation,29,different_topic_same_language,16.02136993408203,46.32499694824219,130560
top5_deflation,30,exact_translation_diff_language,14.601385116577148,40.42168045043945,2400
top5_deflation,30,same_factor_diff_language,15.463082313537598,43.12391662597656,25920
top5_deflation,30,same_factor_same_language,13.656847953796387,38.37167739868164,5904
top5_deflation,30,same_domain_diff_language,15.769756317138672,44.75223159790039,77760
top5_deflation,30,same_domain_same_language,14.878893852233887,42.09009552001953,19584
top5_deflation,30,different_topic_diff_language,15.74563217163086,46.34496307373047,518400
top5_deflation,30,different_topic_same_language,16.016347885131836,47.07415771484375,130560
top5_deflation,31,exact_translation_diff_language,14.638319969177246,42.15134048461914,2400
top5_deflation,31,same_factor_diff_language,15.488337516784668,44.98176574707031,25920
top5_deflation,31,same_factor_same_language,13.694465637207031,40.09950637817383,5904
top5_deflation,31,same_domain_diff_language,15.778692245483398,46.56500244140625,77760
top5_deflation,31,same_domain_same_language,14.890608787536621,43.82729721069336,19584
top5_deflation,31,different_topic_diff_language,15.738265991210938,47.80999755859375,518400
top5_deflation,31,different_topic_same_language,16.002166748046875,48.54745101928711,130560
top5_deflation,32,exact_translation_diff_language,14.911731719970703,33.09937286376953,2400
top5_deflation,32,same_factor_diff_language,15.591485023498535,34.84675979614258,25920
top5_deflation,32,same_factor_same_language,13.623135566711426,30.942794799804688,5904
top5_deflation,32,same_domain_diff_language,15.842704772949219,35.991737365722656,77760
top5_deflation,32,same_domain_same_language,15.003334999084473,33.899654388427734,19584
top5_deflation,32,different_topic_diff_language,15.798140525817871,36.86915588378906,518400
top5_deflation,32,different_topic_same_language,16.0526065826416,37.4549560546875,130560
top6_deflation,0,exact_translation_diff_language,15.501690864562988,0.29888713359832764,2400
top6_deflation,0,same_factor_diff_language,15.642290115356445,0.30166229605674744,25920
top6_deflation,0,same_factor_same_language,13.167913436889648,0.2619542181491852,5904
top6_deflation,0,same_domain_diff_language,15.715277671813965,0.3033864200115204,77760
top6_deflation,0,same_domain_same_language,15.129913330078125,0.2899700999259949,19584
top6_deflation,0,different_topic_diff_language,15.718303680419922,0.3040199875831604,518400
top6_deflation,0,different_topic_same_language,15.934615135192871,0.308672159910202,130560
top6_deflation,1,exact_translation_diff_language,15.561542510986328,8.450591087341309,2400
top6_deflation,1,same_factor_diff_language,15.717885971069336,8.549034118652344,25920
top6_deflation,1,same_factor_same_language,13.47671890258789,7.504305839538574,5904
top6_deflation,1,same_domain_diff_language,15.806244850158691,8.613946914672852,77760
top6_deflation,1,same_domain_same_language,15.130926132202148,8.170478820800781,19584
top6_deflation,1,different_topic_diff_language,15.806509971618652,8.648573875427246,518400
top6_deflation,1,different_topic_same_language,15.981982231140137,8.758877754211426,130560
top6_deflation,2,exact_translation_diff_language,15.565540313720703,10.253385543823242,2400
top6_deflation,2,same_factor_diff_language,15.721468925476074,10.369815826416016,25920
top6_deflation,2,same_factor_same_language,13.488597869873047,9.145296096801758,5904
top6_deflation,2,same_domain_diff_language,15.818771362304688,10.455704689025879,77760
top6_deflation,2,same_domain_same_language,15.121169090270996,9.910529136657715,19584
top6_deflation,2,different_topic_diff_language,15.816800117492676,10.504218101501465,518400
top6_deflation,2,different_topic_same_language,15.989913940429688,10.631932258605957,130560
top6_deflation,3,exact_translation_diff_language,15.506278991699219,10.803436279296875,2400
top6_deflation,3,same_factor_diff_language,15.707560539245605,10.960224151611328,25920
top6_deflation,3,same_factor_same_language,13.464576721191406,9.725935935974121,5904
top6_deflation,3,same_domain_diff_language,15.82728385925293,11.057245254516602,77760
top6_deflation,3,same_domain_same_language,15.111187934875488,10.525863647460938,19584
top6_deflation,3,different_topic_diff_language,15.823725700378418,11.126304626464844,518400
top6_deflation,3,different_topic_same_language,16.01883316040039,11.279627799987793,130560
top6_deflation,4,exact_translation_diff_language,15.378676414489746,11.770821571350098,2400
top6_deflation,4,same_factor_diff_language,15.682568550109863,12.029402732849121,25920
top6_deflation,4,same_factor_same_language,13.464211463928223,10.754055976867676,5904
top6_deflation,4,same_domain_diff_language,15.830713272094727,12.169151306152344,77760
top6_deflation,4,same_domain_same_language,15.123476028442383,11.62973690032959,19584
top6_deflation,4,different_topic_diff_language,15.825774192810059,12.27568244934082,518400
top6_deflation,4,different_topic_same_language,16.035566329956055,12.446561813354492,130560
top6_deflation,5,exact_translation_diff_language,15.242171287536621,12.586472511291504,2400
top6_deflation,5,same_factor_diff_language,15.664549827575684,12.980385780334473,25920
top6_deflation,5,same_factor_same_language,13.536978721618652,11.647802352905273,5904
top6_deflation,5,same_domain_diff_language,15.860169410705566,13.212003707885742,77760
top6_deflation,5,same_domain_same_language,15.138228416442871,12.631864547729492,19584
top6_deflation,5,different_topic_diff_language,15.832619667053223,13.366772651672363,518400
top6_deflation,5,different_topic_same_language,16.047853469848633,13.552324295043945,130560
top6_deflation,6,exact_translation_diff_language,15.045089721679688,13.927648544311523,2400
top6_deflation,6,same_factor_diff_language,15.627835273742676,14.542954444885254,25920
top6_deflation,6,same_factor_same_language,13.611693382263184,13.156386375427246,5904
top6_deflation,6,same_domain_diff_language,15.886275291442871,14.885016441345215,77760
top6_deflation,6,same_domain_same_language,15.172853469848633,14.263166427612305,19584
top6_deflation,6,different_topic_diff_language,15.850027084350586,15.087713241577148,518400
top6_deflation,6,different_topic_same_language,16.068395614624023,15.293280601501465,130560
top6_deflation,7,exact_translation_diff_language,14.89599609375,14.666220664978027,2400
top6_deflation,7,same_factor_diff_language,15.580612182617188,15.398770332336426,25920
top6_deflation,7,same_factor_same_language,13.634172439575195,13.999992370605469,5904
top6_deflation,7,same_domain_diff_language,15.881250381469727,15.82443904876709,77760
top6_deflation,7,same_domain_same_language,15.166336059570312,15.18899154663086,19584
top6_deflation,7,different_topic_diff_language,15.842633247375488,16.079641342163086,518400
top6_deflation,7,different_topic_same_language,16.069107055664062,16.29717445373535,130560
top6_deflation,8,exact_translation_diff_language,14.772124290466309,15.028573989868164,2400
top6_deflation,8,same_factor_diff_language,15.540658950805664,15.887238502502441,25920
top6_deflation,8,same_factor_same_language,13.680824279785156,14.52350902557373,5904
top6_deflation,8,same_domain_diff_language,15.883145332336426,16.379549026489258,77760
top6_deflation,8,same_domain_same_language,15.173322677612305,15.748082160949707,19584
top6_deflation,8,different_topic_diff_language,15.841533660888672,16.679523468017578,518400
top6_deflation,8,different_topic_same_language,16.076353073120117,16.907894134521484,130560
top6_deflation,9,exact_translation_diff_language,14.6447172164917,15.63500690460205,2400
top6_deflation,9,same_factor_diff_language,15.5155611038208,16.70931625366211,25920
top6_deflation,9,same_factor_same_language,13.751113891601562,15.404319763183594,5904
top6_deflation,9,same_domain_diff_language,15.891523361206055,17.270112991333008,77760
top6_deflation,9,same_domain_same_language,15.18749713897705,16.640844345092773,19584
top6_deflation,9,different_topic_diff_language,15.850162506103516,17.619564056396484,518400
top6_deflation,9,different_topic_same_language,16.085411071777344,17.857452392578125,130560
top6_deflation,10,exact_translation_diff_language,14.501313209533691,15.953378677368164,2400
top6_deflation,10,same_factor_diff_language,15.488065719604492,17.196521759033203,25920
top6_deflation,10,same_factor_same_language,13.805248260498047,15.935446739196777,5904
top6_deflation,10,same_domain_diff_language,15.89382266998291,17.8350772857666,77760
top6_deflation,10,same_domain_same_language,15.202400207519531,17.2163028717041,19584
top6_deflation,10,different_topic_diff_language,15.853196144104004,18.21080207824707,518400
top6_deflation,10,different_topic_same_language,16.090333938598633,18.45084571838379,130560
top6_deflation,11,exact_translation_diff_language,14.377676963806152,16.528623580932617,2400
top6_deflation,11,same_factor_diff_language,15.470494270324707,17.979080200195312,25920
top6_deflation,11,same_factor_same_language,13.871715545654297,16.736268997192383,5904
top6_deflation,11,same_domain_diff_language,15.904340744018555,18.718610763549805,77760
top6_deflation,11,same_domain_same_language,15.230840682983398,18.097543716430664,19584
top6_deflation,11,different_topic_diff_language,15.86383056640625,19.179187774658203,518400
top6_deflation,11,different_topic_same_language,16.1015567779541,19.429588317871094,130560
top6_deflation,12,exact_translation_diff_language,14.350931167602539,16.65532875061035,2400
top6_deflation,12,same_factor_diff_language,15.462896347045898,18.117280960083008,25920
top6_deflation,12,same_factor_same_language,13.856045722961426,16.83892059326172,5904
top6_deflation,12,same_domain_diff_language,15.906118392944336,18.856420516967773,77760
top6_deflation,12,same_domain_same_language,15.243638038635254,18.230937957763672,19584
top6_deflation,12,different_topic_diff_language,15.866137504577637,19.318483352661133,518400
top6_deflation,12,different_topic_same_language,16.10157012939453,19.570646286010742,130560
top6_deflation,13,exact_translation_diff_language,14.282272338867188,17.47115135192871,2400
top6_deflation,13,same_factor_diff_language,15.459853172302246,19.059961318969727,25920
top6_deflation,13,same_factor_same_language,13.854206085205078,17.65928840637207,5904
top6_deflation,13,same_domain_diff_language,15.916657447814941,19.91312026977539,77760
top6_deflation,13,same_domain_same_language,15.263361930847168,19.25535011291504,19584
top6_deflation,13,different_topic_diff_language,15.872467994689941,20.458248138427734,518400
top6_deflation,13,different_topic_same_language,16.104354858398438,20.719953536987305,130560
top6_deflation,14,exact_translation_diff_language,14.280299186706543,18.138704299926758,2400
top6_deflation,14,same_factor_diff_language,15.444180488586426,19.764039993286133,25920
top6_deflation,14,same_factor_same_language,13.838512420654297,18.285608291625977,5904
top6_deflation,14,same_domain_diff_language,15.913103103637695,20.68641471862793,77760
top6_deflation,14,same_domain_same_language,15.2662935256958,19.991626739501953,19584
top6_deflation,14,different_topic_diff_language,15.867375373840332,21.316295623779297,518400
top6_deflation,14,different_topic_same_language,16.10033416748047,21.596649169921875,130560
top6_deflation,15,exact_translation_diff_language,14.280118942260742,19.113550186157227,2400
top6_deflation,15,same_factor_diff_language,15.446799278259277,20.872438430786133,25920
top6_deflation,15,same_factor_same_language,13.835098266601562,19.32610511779785,5904
top6_deflation,15,same_domain_diff_language,15.908803939819336,21.854238510131836,77760
top6_deflation,15,same_domain_same_language,15.262903213500977,21.125572204589844,19584
top6_deflation,15,different_topic_diff_language,15.867021560668945,22.544042587280273,518400
top6_deflation,15,different_topic_same_language,16.105520248413086,22.85096549987793,130560
top6_deflation,16,exact_translation_diff_language,14.274020195007324,19.90135383605957,2400
top6_deflation,16,same_factor_diff_language,15.443552017211914,21.730377197265625,25920
top6_deflation,16,same_factor_same_language,13.826648712158203,20.093000411987305,5904
top6_deflation,16,same_domain_diff_language,15.901707649230957,22.744836807250977,77760
top6_deflation,16,same_domain_same_language,15.253657341003418,21.970823287963867,19584
top6_deflation,16,different_topic_diff_language,15.858896255493164,23.42089080810547,518400
top6_deflation,16,different_topic_same_language,16.10316276550293,23.741968154907227,130560
top6_deflation,17,exact_translation_diff_language,14.261448860168457,21.086816787719727,2400
top6_deflation,17,same_factor_diff_language,15.44099235534668,23.04734230041504,25920
top6_deflation,17,same_factor_same_language,13.828404426574707,21.284976959228516,5904
top6_deflation,17,same_domain_diff_language,15.898805618286133,24.21727180480957,77760
top6_deflation,17,same_domain_same_language,15.245569229125977,23.367633819580078,19584
top6_deflation,17,different_topic_diff_language,15.855058670043945,25.117294311523438,518400
top6_deflation,17,different_topic_same_language,16.10760498046875,25.47883415222168,130560
top6_deflation,18,exact_translation_diff_language,14.255911827087402,22.58970832824707,2400
top6_deflation,18,same_factor_diff_language,15.43899154663086,24.69572639465332,25920
top6_deflation,18,same_factor_same_language,13.827691078186035,22.748123168945312,5904
top6_deflation,18,same_domain_diff_language,15.892681121826172,25.94489288330078,77760
top6_deflation,18,same_domain_same_language,15.236420631408691,25.009723663330078,19584
top6_deflation,18,different_topic_diff_language,15.846220970153809,26.864498138427734,518400
top6_deflation,18,different_topic_same_language,16.106510162353516,27.266952514648438,130560
top6_deflation,19,exact_translation_diff_language,14.293968200683594,24.382099151611328,2400
top6_deflation,19,same_factor_diff_language,15.455462455749512,26.598695755004883,25920
top6_deflation,19,same_factor_same_language,13.82414722442627,24.392562866210938,5904
top6_deflation,19,same_domain_diff_language,15.89022445678711,27.97814178466797,77760
top6_deflation,19,same_domain_same_language,15.207613945007324,26.91473960876465,19584
top6_deflation,19,different_topic_diff_language,15.841005325317383,28.987123489379883,518400
top6_deflation,19,different_topic_same_language,16.10969352722168,29.431428909301758,130560
top6_deflation,20,exact_translation_diff_language,14.345709800720215,25.583600997924805,2400
top6_deflation,20,same_factor_diff_language,15.461492538452148,27.81406021118164,25920
top6_deflation,20,same_factor_same_language,13.802313804626465,25.415019989013672,5904
top6_deflation,20,same_domain_diff_language,15.88574504852295,29.205890655517578,77760
top6_deflation,20,same_domain_same_language,15.182690620422363,28.041967391967773,19584
top6_deflation,20,different_topic_diff_language,15.834590911865234,30.26565170288086,518400
top6_deflation,20,different_topic_same_language,16.10733985900879,30.743000030517578,130560
top6_deflation,21,exact_translation_diff_language,14.34908676147461,27.06363868713379,2400
top6_deflation,21,same_factor_diff_language,15.461604118347168,29.409992218017578,25920
top6_deflation,21,same_factor_same_language,13.7963285446167,26.845205307006836,5904
top6_deflation,21,same_domain_diff_language,15.8749361038208,30.85770034790039,77760
top6_deflation,21,same_domain_same_language,15.155404090881348,29.600065231323242,19584
top6_deflation,21,different_topic_diff_language,15.823927879333496,31.91279411315918,518400
top6_deflation,21,different_topic_same_language,16.10276222229004,32.41712188720703,130560
top6_deflation,22,exact_translation_diff_language,14.376379013061523,28.839902877807617,2400
top6_deflation,22,same_factor_diff_language,15.465209007263184,31.328678131103516,25920
top6_deflation,22,same_factor_same_language,13.806931495666504,28.575510025024414,5904
top6_deflation,22,same_domain_diff_language,15.871511459350586,32.84302520751953,77760
top6_deflation,22,same_domain_same_language,15.14046859741211,31.454082489013672,19584
top6_deflation,22,different_topic_diff_language,15.81876277923584,33.98678970336914,518400
top6_deflation,22,different_topic_same_language,16.099946975708008,34.52702713012695,130560
top6_deflation,23,exact_translation_diff_language,14.39986801147461,30.66294288635254,2400
top6_deflation,23,same_factor_diff_language,15.470505714416504,33.22282028198242,25920
top6_deflation,23,same_factor_same_language,13.798952102661133,30.162717819213867,5904
top6_deflation,23,same_domain_diff_language,15.863953590393066,34.85391616821289,77760
top6_deflation,23,same_domain_same_language,15.113492012023926,33.306453704833984,19584
top6_deflation,23,different_topic_diff_language,15.810042381286621,36.09880065917969,518400
top6_deflation,23,different_topic_same_language,16.0946102142334,36.682159423828125,130560
top6_deflation,24,exact_translation_diff_language,14.412644386291504,32.410736083984375,2400
top6_deflation,24,same_factor_diff_language,15.474164962768555,35.066959381103516,25920
top6_deflation,24,same_factor_same_language,13.80367660522461,31.747610092163086,5904
top6_deflation,24,same_domain_diff_language,15.854333877563477,36.769535064697266,77760
top6_deflation,24,same_domain_same_language,15.090585708618164,35.0635871887207,19584
top6_deflation,24,different_topic_diff_language,15.800572395324707,38.05685043334961,518400
top6_deflation,24,different_topic_same_language,16.081998825073242,38.66695785522461,130560
top6_deflation,25,exact_translation_diff_language,14.444833755493164,34.07419967651367,2400
top6_deflation,25,same_factor_diff_language,15.476245880126953,36.784969329833984,25920
top6_deflation,25,same_factor_same_language,13.794656753540039,33.183433532714844,5904
top6_deflation,25,same_domain_diff_language,15.842597007751465,38.52906799316406,77760
top6_deflation,25,same_domain_same_language,15.055967330932617,36.65875244140625,19584
top6_deflation,25,different_topic_diff_language,15.787775993347168,39.822242736816406,518400
top6_deflation,25,different_topic_same_language,16.067520141601562,40.458900451660156,130560
top6_deflation,26,exact_translation_diff_language,14.48266315460205,35.4853515625,2400
top6_deflation,26,same_factor_diff_language,15.4761962890625,38.198036193847656,25920
top6_deflation,26,same_factor_same_language,13.763688087463379,34.347869873046875,5904
top6_deflation,26,same_domain_diff_language,15.829073905944824,39.928504943847656,77760
top6_deflation,26,same_domain_same_language,15.0169095993042,37.90632247924805,19584
top6_deflation,26,different_topic_diff_language,15.773848533630371,41.18943786621094,518400
top6_deflation,26,different_topic_same_language,16.054149627685547,41.8440055847168,130560
top6_deflation,27,exact_translation_diff_language,14.518497467041016,36.5004768371582,2400
top6_deflation,27,same_factor_diff_language,15.480020523071289,39.128273010253906,25920
top6_deflation,27,same_factor_same_language,13.729386329650879,35.072959899902344,5904
top6_deflation,27,same_domain_diff_language,15.825218200683594,40.81338119506836,77760
top6_deflation,27,same_domain_same_language,14.986854553222656,38.67791748046875,19584
top6_deflation,27,different_topic_diff_language,15.767228126525879,42.039794921875,518400
top6_deflation,27,different_topic_same_language,16.044330596923828,42.70638656616211,130560
top6_deflation,28,exact_translation_diff_language,14.550281524658203,37.70608139038086,2400
top6_deflation,28,same_factor_diff_language,15.483354568481445,40.299964904785156,25920
top6_deflation,28,same_factor_same_language,13.720017433166504,36.01604461669922,5904
top6_deflation,28,same_domain_diff_language,15.81338119506836,41.97275161743164,77760
top6_deflation,28,same_domain_same_language,14.97075080871582,39.706581115722656,19584
top6_deflation,28,different_topic_diff_language,15.757161140441895,43.18622589111328,518400
top6_deflation,28,different_topic_same_language,16.03148651123047,43.87571334838867,130560
top6_deflation,29,exact_translation_diff_language,14.5867338180542,39.097267150878906,2400
top6_deflation,29,same_factor_diff_language,15.486716270446777,41.653602600097656,25920
top6_deflation,29,same_factor_same_language,13.708544731140137,37.165122985839844,5904
top6_deflation,29,same_domain_diff_language,15.800312042236328,43.290557861328125,77760
top6_deflation,29,same_domain_same_language,14.930960655212402,40.88951873779297,19584
top6_deflation,29,different_topic_diff_language,15.745077133178711,44.46156692504883,518400
top6_deflation,29,different_topic_same_language,16.01726531982422,45.16913604736328,130560
top6_deflation,30,exact_translation_diff_language,14.646100044250488,40.08658981323242,2400
top6_deflation,30,same_factor_diff_language,15.493948936462402,42.532894134521484,25920
top6_deflation,30,same_factor_same_language,13.695636749267578,37.89392852783203,5904
top6_deflation,30,same_domain_diff_language,15.796577453613281,44.091888427734375,77760
top6_deflation,30,same_domain_same_language,14.920860290527344,41.5862922668457,19584
top6_deflation,30,different_topic_diff_language,15.743949890136719,45.20612335205078,518400
top6_deflation,30,different_topic_same_language,16.01333999633789,45.93280029296875,130560
top6_deflation,31,exact_translation_diff_language,14.680281639099121,41.79311752319336,2400
top6_deflation,31,same_factor_diff_language,15.523171424865723,44.510501861572266,25920
top6_deflation,31,same_factor_same_language,13.74116039276123,39.78117752075195,5904
top6_deflation,31,same_domain_diff_language,15.79895305633545,45.85022735595703,77760
top6_deflation,31,same_domain_same_language,14.920422554016113,43.22787857055664,19584
top6_deflation,31,different_topic_diff_language,15.734277725219727,46.70539093017578,518400
top6_deflation,31,different_topic_same_language,15.998931884765625,47.45259475708008,130560
top6_deflation,32,exact_translation_diff_language,14.944671630859375,32.6140251159668,2400
top6_deflation,32,same_factor_diff_language,15.617742538452148,34.24123764038086,25920
top6_deflation,32,same_factor_same_language,13.658571243286133,30.456544876098633,5904
top6_deflation,32,same_domain_diff_language,15.860921859741211,35.27527618408203,77760
top6_deflation,32,same_domain_same_language,15.03393268585205,33.30375671386719,19584
top6_deflation,32,different_topic_diff_language,15.794318199157715,35.804134368896484,518400
top6_deflation,32,different_topic_same_language,16.04880142211914,36.395721435546875,130560
